campaign_id,client_id,campaign_name,campaign_type,platform,start_date,end_date,budget_inr,objective
CMP00001,CL0308,Social Media Marketing - Sales / Conversions,Socialmediamarketing,Meta Ads,2025-11-22,2026-09-06,21084.0,Sales / Conversions
CMP00002,CL0098,PPC - Sales / Conversions,Payperclick,Google Ads,2025-12-06,2026-09-06,49308.0,Sales / Conversions
CMP00003,CL0120,Local SEO / GMB - Local Footfall,Localseo/Gmb,Google My Business,2025-10-15,2026-09-06,8801.0,Local Footfall
CMP00004,CL0106,SEO - Website Traffic,Seo,Organic Search (Google),2026-03-14,2026-09-06,38652.0,Website Traffic
CMP00005,CL0209,PPC - Local Footfall,Payperclick,Google Ads,2025-08-13,2026-09-06,77613.0,Local Footfall
CMP00006,CL0244,PPC - Website Traffic,Payperclick,Bing Ads,2026-01-23,2026-09-06,95731.0,Website Traffic
CMP00007,CL0035,Social Media Marketing - App Installs,Socialmediamarketing,LinkedIn Ads,2025-01-22,2026-04-20,67455.0,App Installs
CMP00008,CL0133,Social Media Marketing - Local Footfall,Socialmediamarketing,YouTube Ads,2024-10-01,2026-04-23,48585.0,Local Footfall
CMP00009,CL0005,Social Media Marketing - Local Footfall,Socialmediamarketing,LinkedIn Ads,2025-06-14,2026-05-20,88855.0,Local Footfall
CMP00010,CL0145,Local SEO / GMB - Sales / Conversions,Localseo/Gmb,Organic Search (Google),2026-02-12,2026-09-06,19020.5,Sales / Conversions
CMP00011,CL0080,PPC - Sales / Conversions,Payperclick,Google Ads,2026-07-07,2026-09-06,34404.0,Sales / Conversions
CMP00012,CL0108,Social Media Marketing - Local Footfall,Socialmediamarketing,YouTube Ads,2025-02-23,2026-08-29,93210.0,Local Footfall
CMP00013,CL0147,SEO - App Installs,Seo,Organic Search (Google),2025-09-04,2026-09-06,23850.0,App Installs
CMP00014,CL0104,PPC - Local Footfall,Payperclick,Google Ads,2025-10-19,2026-09-03,52293.0,Local Footfall
CMP00015,CL0127,Social Media Marketing - Website Traffic,Socialmediamarketing,Instagram,2025-02-17,2026-07-03,60033.0,Website Traffic
CMP00016,CL0245,SEO - Local Footfall,Seo,Organic Search (Google),2025-10-22,2026-09-06,16323.0,Local Footfall
CMP00017,CL0260,Social Media Marketing - App Installs,Socialmediamarketing,LinkedIn Ads,2025-06-21,2026-09-06,45949.0,App Installs
CMP00018,CL0002,Social Media Marketing - App Installs,Socialmediamarketing,Instagram,2025-08-01,2026-05-14,31540.0,App Installs
CMP00019,CL0121,Content Marketing - Brand Awareness,Contentmarketing,Organic Search (Google),2026-06-11,2026-09-06,29301.0,Brand Awareness
CMP00020,CL0272,Social Media Marketing - Website Traffic,Socialmediamarketing,Meta Ads,2024-09-24,2026-08-12,84248.0,Website Traffic
CMP00021,CL0170,Social Media Marketing - App Installs,Socialmediamarketing,Meta Ads,2025-09-03,2026-09-06,93550.0,App Installs
CMP00022,CL0066,PPC - App Installs,Payperclick,Bing Ads,2025-06-17,2026-04-30,47583.0,App Installs
CMP00023,CL0190,SEO - Local Footfall,Seo,Organic Search (Google),2025-08-10,2026-09-06,39520.0,Local Footfall
CMP00024,CL0047,SEO - Brand Awareness,Seo,Organic Search (Google),2024-09-16,2026-09-01,36348.0,Brand Awareness
CMP00025,CL0007,Social Media Marketing - Brand Awareness,Socialmediamarketing,YouTube Ads,2024-10-02,2025-12-04,50285.0,Brand Awareness
CMP00026,CL0203,Local SEO / GMB - Local Footfall,Localseo/Gmb,Unknown,2025-05-04,2026-09-06,21919.0,Local Footfall
CMP00027,CL0165,SEO - Local Footfall,Seo,Organic Search (Google),2026-01-17,2026-09-06,59524.0,Local Footfall
CMP00028,CL0243,Social Media Marketing - Brand Awareness,Socialmediamarketing,Instagram,2025-11-13,2026-08-15,49445.0,Brand Awareness
CMP00029,CL0111,Content Marketing - Sales / Conversions,Contentmarketing,LinkedIn,2024-12-04,2025-11-20,12608.0,Sales / Conversions
CMP00030,CL0274,Content Marketing - Local Footfall,Contentmarketing,LinkedIn,2025-12-18,2026-08-29,32319.0,Local Footfall
CMP00031,CL0135,Social Media Marketing - Brand Awareness,Socialmediamarketing,Meta Ads,2025-07-27,2026-07-16,94229.0,Brand Awareness
CMP00032,CL0237,Social Media Marketing - App Installs,Socialmediamarketing,LinkedIn Ads,2026-04-02,2026-09-06,42401.0,App Installs
CMP00033,CL0033,Social Media Marketing - Lead Generation,Socialmediamarketing,Meta Ads,2026-03-14,2026-09-06,57641.0,Lead Generation
CMP00034,CL0032,Email Marketing - Brand Awareness,Emailmarketing,Email,2025-03-19,2026-01-27,22251.0,Brand Awareness
CMP00035,CL0251,SEO - App Installs,Seo,Organic Search (Google),2025-11-28,2026-09-04,37669.0,App Installs
CMP00036,CL0267,Local SEO / GMB - Website Traffic,Localseo/Gmb,Google My Business,2025-05-18,2026-09-06,18586.0,Website Traffic
CMP00037,CL0302,SEO - Website Traffic,Seo,Organic Search (Google),2025-02-15,2026-09-06,56488.0,Website Traffic
CMP00038,CL0104,Content Marketing - Local Footfall,Contentmarketing,Organic Search (Google),2024-09-11,2026-09-02,43152.0,Local Footfall
CMP00039,CL0008,SEO - Brand Awareness,Seo,Organic Search (Google),2025-03-25,2026-06-21,37829.0,Brand Awareness
CMP00040,CL0314,SEO - Website Traffic,Seo,Unknown,2025-10-13,2026-07-28,22267.0,Website Traffic
CMP00041,CL0193,SEO - Website Traffic,Seo,Organic Search (Google),2025-06-10,2026-07-20,34728.0,Website Traffic
CMP00042,CL0080,PPC - App Installs,Payperclick,Unknown,2026-07-07,2026-09-06,107938.0,App Installs
CMP00043,CL0245,PPC - Brand Awareness,Payperclick,Google Ads,2025-10-22,2026-09-06,55423.0,Brand Awareness
CMP00044,CL0290,SEO - Website Traffic,Seo,Organic Search (Google),2025-12-20,2026-09-02,39177.0,Website Traffic
CMP00045,CL0092,PPC - Sales / Conversions,Payperclick,Google Ads,2025-09-20,2026-07-12,105646.0,Sales / Conversions
CMP00046,CL0247,PPC - Website Traffic,Payperclick,Google Ads,2026-07-03,2026-09-06,31052.0,Website Traffic
CMP00047,CL0253,Content Marketing - Local Footfall,Contentmarketing,YouTube,2026-02-22,2026-09-06,32785.0,Local Footfall
CMP00048,CL0161,Email Marketing - Sales / Conversions,Emailmarketing,Email,2026-06-20,2026-09-06,19751.0,Sales / Conversions
CMP00049,CL0203,Social Media Marketing - App Installs,Socialmediamarketing,LinkedIn Ads,2025-06-05,2026-04-14,33219.0,App Installs
CMP00050,CL0087,SEO - Local Footfall,Seo,Organic Search (Google),2025-05-08,2026-09-06,39678.0,Local Footfall
CMP00051,CL0298,PPC - App Installs,Payperclick,Google Ads,2026-02-01,2026-09-06,112223.0,App Installs
CMP00052,CL0315,Email Marketing - Local Footfall,Emailmarketing,Email,2025-06-15,2026-06-28,5885.0,Local Footfall
CMP00053,CL0314,SEO - Website Traffic,Seo,Organic Search (Google),2025-03-17,2026-09-06,43983.0,Website Traffic
CMP00054,CL0236,PPC - Brand Awareness,Payperclick,Google Ads,2024-10-05,2026-07-26,53766.0,Brand Awareness
CMP00055,CL0014,Local SEO / GMB - Local Footfall,Localseo/Gmb,Organic Search (Google),2025-10-12,2026-09-06,16741.0,Local Footfall
CMP00056,CL0118,Local SEO / GMB - Website Traffic,Localseo/Gmb,Unknown,2025-05-17,2026-06-15,22256.0,Website Traffic
CMP00057,CL0143,PPC - Brand Awareness,Payperclick,Google Ads,2024-10-14,2026-03-20,20572.0,Brand Awareness
CMP00058,CL0308,Social Media Marketing - Brand Awareness,Socialmediamarketing,YouTube Ads,2025-11-25,2026-09-02,16427.0,Brand Awareness
CMP00059,CL0176,PPC - Brand Awareness,Payperclick,Bing Ads,2024-09-20,2026-06-15,78055.0,Brand Awareness
CMP00060,CL0172,Content Marketing - Local Footfall,Contentmarketing,YouTube,2024-10-22,2026-01-11,47990.0,Local Footfall
CMP00061,CL0047,SEO - Lead Generation,Seo,Organic Search (Google),2025-04-17,2026-04-18,15272.0,Lead Generation
CMP00062,CL0254,SEO - App Installs,Seo,Organic Search (Google),2025-03-22,2026-04-13,50495.0,App Installs
CMP00063,CL0108,Social Media Marketing - Website Traffic,Socialmediamarketing,LinkedIn Ads,2024-09-06,2026-09-04,21374.0,Website Traffic
CMP00064,CL0030,PPC - Lead Generation,Payperclick,Bing Ads,2025-09-08,2026-08-15,83561.0,Lead Generation
CMP00065,CL0317,Social Media Marketing - Website Traffic,Socialmediamarketing,Instagram,2026-01-27,2026-09-06,51601.0,Website Traffic
CMP00066,CL0061,PPC - App Installs,Payperclick,Google Ads,2026-04-12,2026-09-06,80851.0,App Installs
CMP00067,CL0006,Email Marketing - App Installs,Emailmarketing,Email,2025-04-11,2026-07-09,6638.0,App Installs
CMP00068,CL0025,Content Marketing - Website Traffic,Contentmarketing,Unknown,2026-06-11,2026-09-06,40141.0,Website Traffic
CMP00069,CL0145,Social Media Marketing - Sales / Conversions,Socialmediamarketing,Meta Ads,2026-02-12,2026-09-06,38431.0,Sales / Conversions
CMP00070,CL0033,Content Marketing - Lead Generation,Contentmarketing,LinkedIn,2026-03-14,2026-09-06,40842.0,Lead Generation
CMP00071,CL0270,PPC - Lead Generation,Payperclick,Google Ads,2025-06-26,2026-07-01,105213.0,Lead Generation
CMP00072,CL0164,Social Media Marketing - Sales / Conversions,Socialmediamarketing,Instagram,2025-05-22,2026-09-01,61859.0,Sales / Conversions
CMP00073,CL0104,SEO - Website Traffic,Seo,Organic Search (Google),2025-01-26,2025-11-14,28887.0,Website Traffic
CMP00074,CL0002,Email Marketing - Lead Generation,Emailmarketing,Email,2025-01-20,2026-09-06,18045.0,Lead Generation
CMP00075,CL0154,Content Marketing - Local Footfall,Contentmarketing,LinkedIn,2024-09-17,2026-07-29,49905.0,Local Footfall
CMP00076,CL0049,Email Marketing - Website Traffic,Emailmarketing,Email,2026-07-08,2026-09-06,14341.0,Website Traffic
CMP00077,CL0313,Email Marketing - Brand Awareness,Emailmarketing,Email,2025-02-14,2026-01-23,23326.0,Brand Awareness
CMP00078,CL0094,Local SEO / GMB - Local Footfall,Localseo/Gmb,Unknown,2025-01-24,2026-03-01,12833.0,Local Footfall
CMP00079,CL0152,PPC - Brand Awareness,Payperclick,Bing Ads,2024-10-10,2026-08-25,96090.0,Brand Awareness
CMP00080,CL0006,Local SEO / GMB - Local Footfall,Localseo/Gmb,Google My Business,2025-01-24,2026-09-06,16751.0,Local Footfall
CMP00081,CL0042,Social Media Marketing - Brand Awareness,Socialmediamarketing,Instagram,2025-11-22,2026-09-06,97190.0,Brand Awareness
CMP00082,CL0067,PPC - Sales / Conversions,Payperclick,Bing Ads,2026-07-08,2026-09-06,143511.0,Sales / Conversions
CMP00083,CL0017,Social Media Marketing - Sales / Conversions,Socialmediamarketing,Instagram,2025-11-21,2026-09-06,88781.0,Sales / Conversions
CMP00084,CL0233,PPC - Local Footfall,Payperclick,Unknown,2025-03-21,2026-09-06,41155.0,Local Footfall
CMP00085,CL0303,PPC - Brand Awareness,Payperclick,Bing Ads,2025-01-01,2026-08-09,61456.0,Brand Awareness
CMP00086,CL0316,PPC - Local Footfall,Payperclick,Google Ads,2024-12-23,2026-06-15,112465.0,Local Footfall
CMP00087,CL0086,SEO - Sales / Conversions,Seo,Organic Search (Google),2026-01-11,2026-09-06,48731.0,Sales / Conversions
CMP00088,CL0253,Social Media Marketing - Brand Awareness,Socialmediamarketing,Unknown,2026-02-22,2026-09-06,44774.0,Brand Awareness
CMP00089,CL0162,Email Marketing - Website Traffic,Emailmarketing,Email,2026-03-27,2026-09-06,7736.0,Website Traffic
CMP00090,CL0015,Social Media Marketing - App Installs,Socialmediamarketing,Instagram,2024-10-18,2026-02-25,26637.0,App Installs
CMP00091,CL0030,Social Media Marketing - Sales / Conversions,Socialmediamarketing,LinkedIn Ads,2025-05-19,2026-07-13,73186.0,Sales / Conversions
CMP00092,CL0176,PPC - Lead Generation,Payperclick,Bing Ads,2024-10-12,2026-04-23,79042.0,Lead Generation
CMP00093,CL0136,Social Media Marketing - Sales / Conversions,Socialmediamarketing,YouTube Ads,2025-03-29,2026-08-23,56741.0,Sales / Conversions
CMP00094,CL0003,SEO - Website Traffic,Seo,Organic Search (Google),2025-04-04,2026-02-07,51691.0,Website Traffic
CMP00095,CL0298,Content Marketing - Lead Generation,Contentmarketing,Unknown,2026-02-01,2026-09-06,10673.0,Lead Generation
CMP00096,CL0234,SEO - Lead Generation,Seo,Organic Search (Google),2025-04-15,2026-09-06,48953.0,Lead Generation
CMP00097,CL0161,Social Media Marketing - Local Footfall,Socialmediamarketing,Unknown,2026-06-20,2026-09-06,38309.0,Local Footfall
CMP00098,CL0316,Content Marketing - Lead Generation,Contentmarketing,LinkedIn,2024-11-23,2026-08-29,47248.0,Lead Generation
CMP00099,CL0311,Social Media Marketing - Sales / Conversions,Socialmediamarketing,LinkedIn Ads,2025-11-20,2026-09-06,96207.0,Sales / Conversions
CMP00100,CL0312,Email Marketing - App Installs,Emailmarketing,Email,2024-09-18,2025-11-24,15042.0,App Installs
CMP00101,CL0083,PPC - Brand Awareness,Payperclick,Google Ads,2026-07-08,2026-09-06,61058.0,Brand Awareness
CMP00102,CL0282,Email Marketing - Sales / Conversions,Emailmarketing,Email,2024-11-13,2026-09-06,9663.0,Sales / Conversions
CMP00103,CL0162,Content Marketing - Lead Generation,Contentmarketing,Organic Search (Google),2026-03-27,2026-09-06,32319.0,Lead Generation
CMP00104,CL0233,Content Marketing - App Installs,Contentmarketing,Organic Search (Google),2025-04-17,2026-08-28,49968.0,App Installs
CMP00105,CL0276,Social Media Marketing - Website Traffic,Socialmediamarketing,Meta Ads,2025-07-18,2026-09-06,30940.0,Website Traffic
CMP00106,CL0053,Email Marketing - Local Footfall,Emailmarketing,Email,2025-12-06,2026-04-23,13931.0,Local Footfall
CMP00107,CL0144,Local SEO / GMB - Local Footfall,Localseo/Gmb,Organic Search (Google),2025-05-30,2026-09-06,18542.0,Local Footfall
CMP00108,CL0042,PPC - Sales / Conversions,Payperclick,Bing Ads,2025-11-22,2026-09-06,108293.0,Sales / Conversions
CMP00109,CL0090,Content Marketing - Lead Generation,Contentmarketing,YouTube,2026-04-08,2026-09-06,43705.0,Lead Generation
CMP00110,CL0133,Content Marketing - Sales / Conversions,Contentmarketing,YouTube,2024-11-04,2026-03-20,32319.0,Sales / Conversions
CMP00111,CL9999,PPC - Lead Generation,Payperclick,Bing Ads,2025-12-14,2026-09-06,118540.0,Lead Generation
CMP00112,CL0277,Local SEO / GMB - Website Traffic,Localseo/Gmb,Google My Business,2025-01-08,2026-01-09,20467.0,Website Traffic
CMP00113,CL0125,PPC - Lead Generation,Payperclick,Google Ads,2025-01-20,2026-02-01,76790.0,Lead Generation
CMP00114,CL0106,Social Media Marketing - Local Footfall,Socialmediamarketing,LinkedIn Ads,2026-03-14,2026-09-06,28408.0,Local Footfall
CMP00115,CL0170,SEO - Website Traffic,Seo,Unknown,2025-10-30,2026-08-15,24392.0,Website Traffic
CMP00116,CL0292,PPC - Brand Awareness,Payperclick,Google Ads,2025-05-19,2026-08-24,76214.0,Brand Awareness
CMP00117,CL0313,Email Marketing - Local Footfall,Emailmarketing,Email,2025-05-27,2026-04-29,5921.0,Local Footfall
CMP00118,CL0073,PPC - App Installs,Payperclick,Unknown,2025-04-10,2026-03-12,61127.0,App Installs
CMP00119,CL0060,PPC - Sales / Conversions,Payperclick,Bing Ads,2025-10-24,2026-09-06,80141.0,Sales / Conversions
CMP00120,CL0227,PPC - Lead Generation,Payperclick,Bing Ads,2026-03-03,2026-09-06,81442.0,Lead Generation
CMP00121,CL0097,Social Media Marketing - Sales / Conversions,Socialmediamarketing,Meta Ads,2025-01-22,2026-08-09,84255.0,Sales / Conversions
CMP00122,CL0064,Content Marketing - Website Traffic,Contentmarketing,Organic Search (Google),2025-07-26,2026-09-01,48706.0,Website Traffic
CMP00123,CL0010,Email Marketing - App Installs,Emailmarketing,Email,2025-04-11,2026-03-15,19593.0,App Installs
CMP00124,CL0130,SEO - Brand Awareness,Seo,Organic Search (Google),2026-06-08,2026-09-06,18579.0,Brand Awareness
CMP00125,CL0126,Social Media Marketing - App Installs,Socialmediamarketing,Instagram,2025-07-18,2026-09-06,49731.0,App Installs
CMP00126,CL0181,Social Media Marketing - Brand Awareness,Socialmediamarketing,YouTube Ads,2025-12-05,2026-09-06,77042.0,Brand Awareness
CMP00127,CL0065,Social Media Marketing - Brand Awareness,Socialmediamarketing,LinkedIn Ads,2026-03-10,2026-09-06,65549.0,Brand Awareness
CMP00128,CL0229,PPC - Sales / Conversions,Payperclick,Bing Ads,2025-10-01,2026-09-06,79511.0,Sales / Conversions
CMP00129,CL0218,PPC - Lead Generation,Payperclick,Bing Ads,2024-10-23,2026-07-19,76712.0,Lead Generation
CMP00130,CL0148,Social Media Marketing - Sales / Conversions,Socialmediamarketing,Instagram,2025-10-04,2026-09-06,49506.0,Sales / Conversions
CMP00131,CL0059,Social Media Marketing - Sales / Conversions,Socialmediamarketing,LinkedIn Ads,2024-12-02,2026-07-31,64216.0,Sales / Conversions
CMP00132,CL0163,Social Media Marketing - Brand Awareness,Socialmediamarketing,Meta Ads,2025-05-02,2026-09-06,30196.0,Brand Awareness
CMP00133,CL0216,Social Media Marketing - App Installs,Socialmediamarketing,Meta Ads,2025-09-13,2026-08-06,58987.0,App Installs
CMP00134,CL0120,Content Marketing - Brand Awareness,Contentmarketing,LinkedIn,2025-10-15,2026-09-06,18234.0,Brand Awareness
CMP00135,CL0085,Content Marketing - App Installs,Contentmarketing,YouTube,2025-11-20,2026-09-06,37238.0,App Installs
CMP00136,CL0163,PPC - App Installs,Payperclick,Google Ads,2025-03-13,2026-01-14,81442.0,App Installs
CMP00137,CL0114,Content Marketing - Website Traffic,Contentmarketing,YouTube,2024-12-05,2026-08-26,30308.0,Website Traffic
CMP00138,CL0129,Email Marketing - Brand Awareness,Emailmarketing,Email,2025-05-19,2026-06-08,12751.0,Brand Awareness
CMP00139,CL0112,SEO - App Installs,Seo,Organic Search (Google),2026-04-06,2026-09-06,57327.0,App Installs
CMP00140,CL0098,Social Media Marketing - Brand Awareness,Socialmediamarketing,Meta Ads,2025-12-06,2026-09-06,71073.0,Brand Awareness
CMP00141,CL0230,PPC - Brand Awareness,Payperclick,Unknown,2025-12-27,2026-09-06,75643.0,Brand Awareness
CMP00142,CL0148,Content Marketing - Local Footfall,Contentmarketing,LinkedIn,2025-10-04,2026-09-06,11151.0,Local Footfall
CMP00143,CL0150,PPC - Sales / Conversions,Payperclick,Google Ads,2025-09-29,2026-09-01,22069.0,Sales / Conversions
CMP00144,CL0209,Social Media Marketing - App Installs,Socialmediamarketing,Instagram,2025-08-13,2026-09-06,33826.0,App Installs
CMP00145,CL0116,PPC - Lead Generation,Payperclick,Google Ads,2026-02-28,2026-09-06,50728.0,Lead Generation
CMP00146,CL0033,Social Media Marketing - Website Traffic,Socialmediamarketing,Instagram,2026-03-14,2026-09-06,76318.0,Website Traffic
CMP00147,CL0273,Local SEO / GMB - Local Footfall,Localseo/Gmb,Google My Business,2026-05-06,2026-09-06,19013.0,Local Footfall
CMP00148,CL0018,PPC - App Installs,Payperclick,Google Ads,2025-07-02,2026-09-06,149994.0,App Installs
CMP00149,CL0184,Email Marketing - Website Traffic,Emailmarketing,Email,2025-11-29,2026-09-06,15811.0,Website Traffic
CMP00150,CL0086,Local SEO / GMB - Local Footfall,Localseo/Gmb,Google My Business,2026-01-11,2026-09-06,27868.0,Local Footfall
CMP00151,CL0069,Email Marketing - Brand Awareness,Emailmarketing,Email,2026-03-21,2026-09-06,16047.0,Brand Awareness
CMP00152,CL0014,SEO - Sales / Conversions,Seo,Unknown,2025-12-05,2026-08-25,31118.0,Sales / Conversions
CMP00153,CL0289,Content Marketing - Lead Generation,Contentmarketing,LinkedIn,2026-04-25,2026-09-06,38582.0,Lead Generation
CMP00154,CL0138,SEO - App Installs,Seo,Organic Search (Google),2025-03-18,2026-06-21,35224.0,App Installs
CMP00155,CL0110,PPC - App Installs,Payperclick,Bing Ads,2025-03-22,2026-06-24,55704.0,App Installs
CMP00156,CL0238,Email Marketing - App Installs,Emailmarketing,Email,2026-01-17,2026-09-06,14464.0,App Installs
CMP00157,CL0013,Social Media Marketing - App Installs,Socialmediamarketing,Instagram,2026-07-01,2026-09-06,71516.0,App Installs
CMP00158,CL0181,Social Media Marketing - Lead Generation,Socialmediamarketing,YouTube Ads,2025-12-05,2026-09-06,46922.0,Lead Generation
CMP00159,CL0159,PPC - Website Traffic,Payperclick,Google Ads,2025-04-09,2026-07-19,111524.0,Website Traffic
CMP00160,CL0178,Content Marketing - App Installs,Contentmarketing,LinkedIn,2026-02-19,2026-09-06,49228.0,App Installs
CMP00161,CL0040,Social Media Marketing - Brand Awareness,Socialmediamarketing,Instagram,2026-04-15,2026-09-06,49958.0,Brand Awareness
CMP00162,CL0305,Social Media Marketing - Sales / Conversions,Socialmediamarketing,LinkedIn Ads,2025-02-20,2026-03-08,40094.0,Sales / Conversions
CMP00163,CL0077,Email Marketing - Local Footfall,Emailmarketing,Email,2025-07-03,2026-09-06,13043.0,Local Footfall
CMP00164,CL0218,PPC - Sales / Conversions,Payperclick,Google Ads,2025-01-17,2025-11-14,128974.0,Sales / Conversions
CMP00165,CL0240,SEO - App Installs,Seo,Organic Search (Google),2025-03-02,2026-06-20,23051.0,App Installs
CMP00166,CL0111,Social Media Marketing - Website Traffic,Socialmediamarketing,YouTube Ads,2024-10-29,2026-09-02,55990.5,Website Traffic
CMP00167,CL0042,Local SEO / GMB - Website Traffic,Localseo/Gmb,Google My Business,2025-11-22,2026-09-06,17107.0,Website Traffic
CMP00168,CL0095,PPC - Website Traffic,Payperclick,Bing Ads,2025-02-18,2026-07-12,81442.0,Website Traffic
CMP00169,CL0259,PPC - Website Traffic,Payperclick,Google Ads,2025-04-18,2026-09-06,122286.0,Website Traffic
CMP00170,CL0291,SEO - App Installs,Seo,Unknown,2026-01-08,2026-09-06,37669.0,App Installs
CMP00171,CL0300,Email Marketing - Local Footfall,Emailmarketing,Email,2026-02-13,2026-09-06,23179.0,Local Footfall
CMP00172,CL0073,PPC - Brand Awareness,Payperclick,Bing Ads,2024-10-04,2026-04-30,44030.0,Brand Awareness
CMP00173,CL0195,Social Media Marketing - Local Footfall,Socialmediamarketing,Meta Ads,2025-05-31,2026-09-06,55990.5,Local Footfall
CMP00174,CL0000,Local SEO / GMB - Website Traffic,Localseo/Gmb,Organic Search (Google),2026-07-08,2026-09-06,10178.0,Website Traffic
CMP00175,CL0228,SEO - Website Traffic,Seo,Organic Search (Google),2025-12-03,2026-06-09,28471.0,Website Traffic
CMP00176,CL0134,Social Media Marketing - Brand Awareness,Socialmediamarketing,Instagram,2024-11-10,2026-07-20,18449.0,Brand Awareness
CMP00177,CL0229,Social Media Marketing - Sales / Conversions,Socialmediamarketing,LinkedIn Ads,2025-10-01,2026-09-06,72994.0,Sales / Conversions
CMP00178,CL0220,Content Marketing - Website Traffic,Contentmarketing,LinkedIn,2025-05-21,2026-08-24,34309.0,Website Traffic
CMP00179,CL0318,PPC - Sales / Conversions,Payperclick,Bing Ads,2025-08-20,2026-07-08,116219.0,Sales / Conversions
CMP00180,CL0157,PPC - Brand Awareness,Payperclick,Google Ads,2025-01-20,2026-01-01,42909.0,Brand Awareness
CMP00181,CL0110,SEO - App Installs,Seo,Organic Search (Google),2025-05-27,2026-05-15,29949.0,App Installs
CMP00182,CL0169,Content Marketing - Sales / Conversions,Contentmarketing,Organic Search (Google),2025-05-18,2026-04-04,37053.0,Sales / Conversions
CMP00183,CL0053,Content Marketing - Website Traffic,Contentmarketing,Unknown,2025-04-14,2026-05-29,43061.0,Website Traffic
CMP00184,CL0036,SEO - Lead Generation,Seo,Organic Search (Google),2025-12-05,2026-09-06,54855.0,Lead Generation
CMP00185,CL0167,PPC - Lead Generation,Payperclick,Bing Ads,2025-06-28,2026-09-06,29580.0,Lead Generation
CMP00186,CL0265,Email Marketing - Local Footfall,Emailmarketing,Email,2024-11-24,2026-02-28,13050.0,Local Footfall
CMP00187,CL0171,SEO - Lead Generation,Seo,Organic Search (Google),2025-02-18,2026-08-05,15483.0,Lead Generation
CMP00188,CL0251,PPC - App Installs,Payperclick,Bing Ads,2025-04-30,2026-08-04,126407.0,App Installs
CMP00189,CL0057,Social Media Marketing - Local Footfall,Socialmediamarketing,Instagram,2026-07-06,2026-09-06,25452.0,Local Footfall
CMP00190,CL0144,PPC - Sales / Conversions,Payperclick,Bing Ads,2025-06-20,2026-07-22,126879.0,Sales / Conversions
CMP00191,CL0197,PPC - Local Footfall,Payperclick,Google Ads,2025-03-29,2026-09-06,40281.0,Local Footfall
CMP00192,CL0112,Social Media Marketing - Sales / Conversions,Socialmediamarketing,LinkedIn Ads,2026-04-06,2026-09-06,16306.0,Sales / Conversions
CMP00193,CL0005,SEO - Local Footfall,Seo,Unknown,2025-11-07,2026-08-29,54551.0,Local Footfall
CMP00194,CL0024,Social Media Marketing - Brand Awareness,Socialmediamarketing,Instagram,2024-12-10,2026-07-25,52299.0,Brand Awareness
CMP00195,CL0297,Social Media Marketing - Sales / Conversions,Socialmediamarketing,Meta Ads,2025-01-18,2026-09-06,51123.0,Sales / Conversions
CMP00196,CL0194,Social Media Marketing - Sales / Conversions,Socialmediamarketing,Instagram,2025-03-06,2026-08-21,69972.0,Sales / Conversions
CMP00197,CL0085,SEO - App Installs,Seo,Organic Search (Google),2025-11-20,2026-09-06,27371.0,App Installs
CMP00198,CL0083,Email Marketing - Lead Generation,Emailmarketing,Email,2026-07-08,2026-09-06,18815.0,Lead Generation
CMP00199,CL0013,SEO - App Installs,Seo,Organic Search (Google),2026-07-01,2026-09-06,34308.0,App Installs
CMP00200,CL0303,Content Marketing - Lead Generation,Contentmarketing,YouTube,2025-04-18,2026-05-27,20906.0,Lead Generation
CMP00201,CL0035,PPC - Brand Awareness,Payperclick,Google Ads,2024-11-18,2026-08-28,71329.0,Brand Awareness
CMP00202,CL0244,Content Marketing - Website Traffic,Contentmarketing,Organic Search (Google),2026-01-23,2026-09-06,10245.0,Website Traffic
CMP00203,CL0077,SEO - Lead Generation,Seo,Organic Search (Google),2025-07-03,2026-09-06,28565.0,Lead Generation
CMP00204,CL0108,SEO - Sales / Conversions,Seo,Organic Search (Google),2024-11-26,2026-03-31,41615.0,Sales / Conversions
CMP00205,CL0088,Social Media Marketing - Local Footfall,Socialmediamarketing,Instagram,2025-04-15,2026-09-06,26721.0,Local Footfall
CMP00206,CL0264,SEO - App Installs,Seo,Organic Search (Google),2025-03-05,2026-12-04,20334.0,App Installs
CMP00207,CL0011,PPC - Lead Generation,Payperclick,Unknown,2026-07-08,2026-09-06,105269.0,Lead Generation
CMP00208,CL0113,Content Marketing - Website Traffic,Contentmarketing,LinkedIn,2024-11-15,2026-05-02,27129.0,Website Traffic
CMP00209,CL0090,Content Marketing - Website Traffic,Contentmarketing,Unknown,2026-04-08,2026-09-06,15464.0,Website Traffic
CMP00210,CL0088,SEO - Lead Generation,Seo,Organic Search (Google),2025-04-15,2026-09-06,48652.0,Lead Generation
CMP00211,CL0062,Email Marketing - Website Traffic,Emailmarketing,Email,2025-02-24,2026-04-02,20508.0,Website Traffic
CMP00212,CL0292,Content Marketing - Website Traffic,Contentmarketing,Organic Search (Google),2025-02-27,2026-06-24,11390.0,Website Traffic
CMP00213,CL0122,Email Marketing - App Installs,Emailmarketing,Email,2026-04-15,2026-09-06,9033.0,App Installs
CMP00214,CL0134,Social Media Marketing - Brand Awareness,Socialmediamarketing,LinkedIn Ads,2025-02-27,2026-07-25,46479.0,Brand Awareness
CMP00215,CL0124,Social Media Marketing - Brand Awareness,Socialmediamarketing,YouTube Ads,2025-02-25,2026-08-15,77166.0,Brand Awareness
CMP00216,CL0314,Social Media Marketing - App Installs,Socialmediamarketing,Instagram,2025-04-22,2026-07-10,21292.0,App Installs
CMP00217,CL0109,Social Media Marketing - App Installs,Socialmediamarketing,Unknown,2025-06-10,2026-09-06,83474.0,App Installs
CMP00218,CL0110,Email Marketing - Lead Generation,Emailmarketing,Email,2024-12-25,2026-06-22,11388.0,Lead Generation
CMP00219,CL0105,SEO - Brand Awareness,Seo,Organic Search (Google),2026-06-07,2026-09-06,20639.0,Brand Awareness
CMP00220,CL0105,PPC - Website Traffic,Payperclick,Bing Ads,2026-06-07,2026-09-06,132238.0,Website Traffic
CMP00221,CL0029,SEO - App Installs,Seo,Organic Search (Google),2024-10-21,2026-07-20,18903.0,App Installs
CMP00222,CL0194,Local SEO / GMB - Brand Awareness,Localseo/Gmb,Unknown,2025-02-22,2026-07-26,10850.0,Brand Awareness
CMP00223,CL0009,PPC - Brand Awareness,Payperclick,Google Ads,2025-06-23,2026-09-06,143444.0,Brand Awareness
CMP00224,CL0073,Social Media Marketing - App Installs,Socialmediamarketing,Meta Ads,2024-10-04,2026-08-22,59163.0,App Installs
CMP00225,CL0065,Email Marketing - App Installs,Emailmarketing,Email,2026-03-10,2026-09-06,14260.0,App Installs
CMP00226,CL0094,Local SEO / GMB - Local Footfall,Localseo/Gmb,Google My Business,2024-11-11,2026-07-29,23121.0,Local Footfall
CMP00227,CL0243,SEO - App Installs,Seo,Unknown,2025-11-06,2026-08-07,43360.0,App Installs
CMP00228,CL0192,Content Marketing - Local Footfall,Contentmarketing,LinkedIn,2025-08-23,2026-07-07,34542.0,Local Footfall
CMP00229,CL0318,Email Marketing - Brand Awareness,Emailmarketing,Email,2025-09-13,2026-07-28,5465.0,Brand Awareness
CMP00230,CL0113,SEO - Brand Awareness,Seo,Organic Search (Google),2024-09-13,2025-11-02,39828.0,Brand Awareness
CMP00231,CL0298,Content Marketing - Brand Awareness,Contentmarketing,LinkedIn,2026-02-01,2026-09-06,21148.0,Brand Awareness
CMP00232,CL0015,PPC - Lead Generation,Payperclick,Bing Ads,2024-09-24,2026-01-28,124997.0,Lead Generation
CMP00233,CL0162,Social Media Marketing - App Installs,Socialmediamarketing,YouTube Ads,2026-03-27,2026-09-06,57958.0,App Installs
CMP00234,CL0256,Social Media Marketing - Website Traffic,Socialmediamarketing,Unknown,2024-11-27,2026-08-03,25520.0,Website Traffic
CMP00235,CL0171,PPC - Lead Generation,Payperclick,Google Ads,2025-08-10,2026-07-08,135208.0,Lead Generation
CMP00236,CL0299,SEO - Brand Awareness,Seo,Organic Search (Google),2025-05-04,2026-09-06,27792.0,Brand Awareness
CMP00237,CL0101,SEO - Brand Awareness,Seo,Organic Search (Google),2026-01-25,2026-09-06,27214.0,Brand Awareness
CMP00238,CL0011,SEO - Sales / Conversions,Seo,Organic Search (Google),2026-07-08,2026-09-06,57132.0,Sales / Conversions
CMP00239,CL0248,Social Media Marketing - Sales / Conversions,Socialmediamarketing,YouTube Ads,2025-11-20,2026-09-06,80891.0,Sales / Conversions
CMP00240,CL0022,PPC - Brand Awareness,Payperclick,Bing Ads,2025-02-15,2026-09-06,131737.0,Brand Awareness
CMP00241,CL0245,SEO - Local Footfall,Seo,Organic Search (Google),2025-10-24,2026-07-17,39828.0,Local Footfall
CMP00242,CL0235,Social Media Marketing - Brand Awareness,Socialmediamarketing,Instagram,2025-09-22,2026-09-06,92391.0,Brand Awareness
CMP00243,CL0271,Social Media Marketing - Website Traffic,Socialmediamarketing,Instagram,2025-12-27,2026-09-06,24798.0,Website Traffic
CMP00244,CL0154,Social Media Marketing - Sales / Conversions,Socialmediamarketing,YouTube Ads,2024-12-22,2026-04-14,65997.0,Sales / Conversions
CMP00245,CL0287,Local SEO / GMB - Sales / Conversions,Localseo/Gmb,Google My Business,2025-06-22,2026-06-29,14454.0,Sales / Conversions
CMP00246,CL0055,PPC - App Installs,Payperclick,Google Ads,2024-12-25,2025-09-16,81442.0,App Installs
CMP00247,CL0139,Content Marketing - Local Footfall,Contentmarketing,LinkedIn,2025-06-25,2026-09-06,19514.0,Local Footfall
CMP00248,CL0039,SEO - Lead Generation,Seo,Organic Search (Google),2026-05-24,2026-09-06,24226.0,Lead Generation
CMP00249,CL0246,Content Marketing - Sales / Conversions,Contentmarketing,Organic Search (Google),2026-06-06,2026-09-06,27701.0,Sales / Conversions
CMP00250,CL0229,Local SEO / GMB - Lead Generation,Localseo/Gmb,Google My Business,2025-10-23,2026-08-06,28202.0,Lead Generation
CMP00251,CL0259,Email Marketing - Sales / Conversions,Emailmarketing,Email,2025-04-18,2026-09-06,17706.0,Sales / Conversions
CMP00252,CL0245,Social Media Marketing - Website Traffic,Socialmediamarketing,YouTube Ads,2025-10-22,2026-09-06,44694.0,Website Traffic
CMP00253,CL0099,Social Media Marketing - Sales / Conversions,Socialmediamarketing,Instagram,2025-01-15,2026-05-16,51840.0,Sales / Conversions
CMP00254,CL0022,PPC - Brand Awareness,Payperclick,Bing Ads,2025-04-26,2026-06-08,81442.0,Brand Awareness
CMP00255,CL0298,Social Media Marketing - Brand Awareness,Socialmediamarketing,Instagram,2026-02-01,2026-09-06,35785.0,Brand Awareness
CMP00256,CL0158,Content Marketing - Brand Awareness,Contentmarketing,Organic Search (Google),2025-04-26,2026-08-16,30848.0,Brand Awareness
CMP00257,CL0031,Local SEO / GMB - Brand Awareness,Localseo/Gmb,Google My Business,2024-09-16,2026-02-27,23309.0,Brand Awareness
CMP00258,CL0297,Social Media Marketing - Sales / Conversions,Socialmediamarketing,YouTube Ads,2025-06-08,2026-02-16,35669.0,Sales / Conversions
CMP00259,CL0319,SEO - App Installs,Seo,Organic Search (Google),2025-12-28,2026-09-06,41301.0,App Installs
CMP00260,CL0143,Social Media Marketing - Lead Generation,Socialmediamarketing,Meta Ads,2024-10-08,2025-07-02,75211.0,Lead Generation
CMP00261,CL0247,SEO - Lead Generation,Seo,Organic Search (Google),2026-07-03,2026-09-06,38369.0,Lead Generation
CMP00262,CL0012,PPC - Website Traffic,Payperclick,Bing Ads,2025-05-10,2026-08-19,57955.0,Website Traffic
CMP00263,CL0030,PPC - App Installs,Payperclick,Google Ads,2025-06-09,2026-05-24,92074.0,App Installs
CMP00264,CL0089,Content Marketing - Brand Awareness,Contentmarketing,YouTube,2025-04-20,2026-09-03,41729.0,Brand Awareness
CMP00265,CL0210,SEO - Brand Awareness,Seo,Organic Search (Google),2025-03-22,2026-04-10,24985.0,Brand Awareness
CMP00266,CL0043,SEO - Website Traffic,Seo,Organic Search (Google),2025-02-22,2026-09-06,40860.0,Website Traffic
CMP00267,CL0011,SEO - Sales / Conversions,Seo,Organic Search (Google),2026-07-08,2026-09-06,45619.0,Sales / Conversions
CMP00268,CL0215,Email Marketing - App Installs,Emailmarketing,Email,2024-10-23,2026-01-06,11429.0,App Installs
CMP00269,CL0247,Social Media Marketing - Lead Generation,Socialmediamarketing,YouTube Ads,2026-07-03,2026-09-06,47937.0,Lead Generation
CMP00270,CL0237,SEO - Lead Generation,Seo,Organic Search (Google),2026-04-02,2026-09-06,37669.0,Lead Generation
CMP00271,CL0256,SEO - Website Traffic,Seo,Organic Search (Google),2025-05-22,2026-05-26,31356.0,Website Traffic
CMP00272,CL0257,Social Media Marketing - Sales / Conversions,Socialmediamarketing,LinkedIn Ads,2025-12-21,2026-09-06,65849.0,Sales / Conversions
CMP00273,CL0193,PPC - App Installs,Payperclick,Bing Ads,2025-06-13,2026-08-31,39465.0,App Installs
CMP00274,CL0167,Social Media Marketing - Website Traffic,Socialmediamarketing,Instagram,2025-06-28,2026-09-06,93708.0,Website Traffic
CMP00275,CL0275,PPC - Sales / Conversions,Payperclick,Google Ads,2024-12-26,2026-07-06,97588.0,Sales / Conversions
CMP00276,CL0112,Local SEO / GMB - Lead Generation,Localseo/Gmb,Organic Search (Google),2026-04-06,2026-09-06,19020.5,Lead Generation
CMP00277,CL0032,PPC - Lead Generation,Payperclick,Google Ads,2024-09-09,2026-08-22,98346.0,Lead Generation
CMP00278,CL0241,Social Media Marketing - App Installs,Socialmediamarketing,Meta Ads,2025-01-14,2026-08-26,45216.0,App Installs
CMP00279,CL0089,SEO - Brand Awareness,Seo,Unknown,2025-04-15,2026-09-06,30313.0,Brand Awareness
CMP00280,CL0314,Local SEO / GMB - Website Traffic,Localseo/Gmb,Organic Search (Google),2025-05-05,2026-05-11,23426.0,Website Traffic
CMP00281,CL0133,Local SEO / GMB - App Installs,Localseo/Gmb,Organic Search (Google),2024-12-23,2026-08-08,26916.0,App Installs
CMP00282,CL0273,Content Marketing - Local Footfall,Contentmarketing,Organic Search (Google),2026-05-06,2026-09-06,15105.0,Local Footfall
CMP00283,CL0014,Social Media Marketing - Brand Awareness,Socialmediamarketing,YouTube Ads,2025-10-12,2026-09-06,86863.0,Brand Awareness
CMP00284,CL0211,SEO - Lead Generation,Seo,Organic Search (Google),2025-03-25,2026-05-15,52350.0,Lead Generation
CMP00285,CL0144,Content Marketing - App Installs,Contentmarketing,YouTube,2025-05-30,2026-06-09,14362.0,App Installs
CMP00286,CL0149,Content Marketing - App Installs,Contentmarketing,Organic Search (Google),2026-04-09,2026-09-06,14326.0,App Installs
CMP00287,CL0085,PPC - Brand Awareness,Payperclick,Bing Ads,2025-11-20,2026-09-06,81442.0,Brand Awareness
CMP00288,CL0311,PPC - Website Traffic,Payperclick,Bing Ads,2025-11-20,2026-09-06,129564.0,Website Traffic
CMP00289,CL0126,Social Media Marketing - Brand Awareness,Socialmediamarketing,Instagram,2025-07-18,2026-09-06,48475.0,Brand Awareness
CMP00290,CL0273,Content Marketing - App Installs,Contentmarketing,Organic Search (Google),2026-05-06,2026-09-06,35625.0,App Installs
CMP00291,CL0137,Social Media Marketing - App Installs,Socialmediamarketing,Instagram,2026-05-21,2026-09-06,99975.0,App Installs
CMP00292,CL0016,Social Media Marketing - Brand Awareness,Socialmediamarketing,LinkedIn Ads,2024-12-16,2026-07-08,42437.0,Brand Awareness
CMP00293,CL0282,Social Media Marketing - Sales / Conversions,Socialmediamarketing,Meta Ads,2025-09-19,2026-07-27,34127.0,Sales / Conversions
CMP00294,CL0060,PPC - Sales / Conversions,Payperclick,Google Ads,2025-10-24,2026-09-06,148910.0,Sales / Conversions
CMP00295,CL0087,PPC - Lead Generation,Payperclick,Google Ads,2025-06-11,2026-08-01,56468.0,Lead Generation
CMP00296,CL0276,SEO - Lead Generation,Seo,Organic Search (Google),2025-07-18,2026-09-06,36266.0,Lead Generation
CMP00297,CL0286,Content Marketing - Local Footfall,Contentmarketing,Organic Search (Google),2024-12-23,2026-09-06,27684.0,Local Footfall
CMP00298,CL0294,PPC - Sales / Conversions,Payperclick,Google Ads,2026-03-15,2026-09-06,88019.0,Sales / Conversions
CMP00299,CL0137,PPC - Lead Generation,Payperclick,Bing Ads,2026-05-21,2026-09-06,81442.0,Lead Generation
CMP00300,CL0243,PPC - Lead Generation,Payperclick,Bing Ads,2025-10-14,2026-09-06,108273.0,Lead Generation
CMP00301,CL0105,SEO - Sales / Conversions,Seo,Organic Search (Google),2026-06-07,2026-09-06,46139.0,Sales / Conversions
CMP00302,CL0237,Social Media Marketing - Local Footfall,Socialmediamarketing,Meta Ads,2026-04-02,2026-09-06,32047.0,Local Footfall
CMP00303,CL0161,PPC - Sales / Conversions,Payperclick,Google Ads,2026-06-20,2026-09-06,82518.0,Sales / Conversions
CMP00304,CL0017,SEO - Local Footfall,Seo,Organic Search (Google),2025-11-21,2026-09-06,17581.0,Local Footfall
CMP00305,CL0134,Content Marketing - Sales / Conversions,Contentmarketing,YouTube,2025-11-04,2026-08-14,18835.0,Sales / Conversions
CMP00306,CL0150,PPC - App Installs,Payperclick,Bing Ads,2025-09-10,2026-09-06,148338.0,App Installs
CMP00307,CL0083,PPC - App Installs,Payperclick,Bing Ads,2026-07-08,2026-09-06,85828.0,App Installs
CMP00308,CL0120,PPC - Lead Generation,Payperclick,Bing Ads,2025-10-31,2026-08-15,100954.0,Lead Generation
CMP00309,CL0161,Content Marketing - Lead Generation,Contentmarketing,YouTube,2026-06-20,2026-09-06,45551.0,Lead Generation
CMP00310,CL0016,PPC - Local Footfall,Payperclick,Google Ads,2024-09-07,2026-09-05,112786.0,Local Footfall
CMP00311,CL0049,Content Marketing - Local Footfall,Contentmarketing,Organic Search (Google),2026-07-08,2026-09-06,41695.0,Local Footfall
CMP00312,CL0246,Local SEO / GMB - Lead Generation,Localseo/Gmb,Google My Business,2026-06-06,2026-09-06,19020.5,Lead Generation
CMP00313,CL0113,Social Media Marketing - Website Traffic,Socialmediamarketing,LinkedIn Ads,2024-09-20,2026-08-04,57400.0,Website Traffic
CMP00314,CL0195,PPC - Local Footfall,Payperclick,Google Ads,2025-05-31,2026-09-06,102234.0,Local Footfall
CMP00315,CL0182,Content Marketing - Local Footfall,Contentmarketing,Organic Search (Google),2026-05-13,2026-09-06,21539.0,Local Footfall
CMP00316,CL0177,PPC - Brand Awareness,Payperclick,Bing Ads,2025-03-27,2026-09-06,135754.0,Brand Awareness
CMP00317,CL0133,PPC - App Installs,Payperclick,Bing Ads,2024-10-17,2025-08-19,43385.0,App Installs
CMP00318,CL0155,Social Media Marketing - Website Traffic,Socialmediamarketing,Instagram,2024-10-13,2026-08-19,90148.0,Website Traffic
CMP00319,CL0264,PPC - Local Footfall,Payperclick,Bing Ads,2025-09-09,2026-08-09,134189.0,Local Footfall
CMP00320,CL0309,SEO - Lead Generation,Seo,Organic Search (Google),2025-10-02,2026-07-28,21402.0,Lead Generation
CMP00321,CL0083,PPC - Website Traffic,Payperclick,Bing Ads,2026-07-08,2026-09-06,112321.0,Website Traffic
CMP00322,CL0215,SEO - Lead Generation,Seo,Organic Search (Google),2025-09-02,2026-06-12,59535.0,Lead Generation
CMP00323,CL0311,PPC - Sales / Conversions,Payperclick,Bing Ads,2025-11-20,2026-09-06,94381.0,Sales / Conversions
CMP00324,CL0003,Social Media Marketing - Lead Generation,Socialmediamarketing,YouTube Ads,2025-04-12,2026-02-06,43929.0,Lead Generation
CMP00325,CL0252,Local SEO / GMB - Sales / Conversions,Localseo/Gmb,Google My Business,2025-09-14,2026-09-06,27347.0,Sales / Conversions
CMP00326,CL0159,SEO - App Installs,Seo,Organic Search (Google),2025-10-12,2026-07-02,38065.0,App Installs
CMP00327,CL0310,Social Media Marketing - Website Traffic,Socialmediamarketing,YouTube Ads,2026-03-09,2026-09-06,25343.0,Website Traffic
CMP00328,CL0186,PPC - Brand Awareness,Payperclick,Bing Ads,2026-01-10,2026-09-06,81442.0,Brand Awareness
CMP00329,CL0269,SEO - Sales / Conversions,Seo,Organic Search (Google),2025-09-12,2026-09-06,45712.0,Sales / Conversions
CMP00330,CL0054,PPC - Sales / Conversions,Payperclick,Bing Ads,2025-08-23,2026-07-30,79197.0,Sales / Conversions
CMP00331,CL0046,SEO - App Installs,Seo,Organic Search (Google),2026-07-08,2026-09-06,24752.0,App Installs
CMP00332,CL0297,SEO - Brand Awareness,Seo,Organic Search (Google),2025-02-26,2026-07-19,50956.0,Brand Awareness
CMP00333,CL0169,PPC - Lead Generation,Payperclick,Bing Ads,2024-09-30,2026-05-31,35675.0,Lead Generation
CMP00334,CL0179,PPC - Website Traffic,Payperclick,Bing Ads,2024-12-01,2026-08-09,48478.0,Website Traffic
CMP00335,CL0055,Social Media Marketing - App Installs,Socialmediamarketing,YouTube Ads,2025-03-01,2026-02-28,54576.0,App Installs
CMP00336,CL0073,SEO - Sales / Conversions,Seo,Organic Search (Google),2025-03-27,2026-01-02,16778.0,Sales / Conversions
CMP00337,CL0262,SEO - Brand Awareness,Seo,Organic Search (Google),2025-08-19,2026-08-29,32432.0,Brand Awareness
CMP00338,CL0098,SEO - Lead Generation,Seo,Organic Search (Google),2025-12-06,2026-09-06,55947.0,Lead Generation
CMP00339,CL0187,Social Media Marketing - Local Footfall,Socialmediamarketing,YouTube Ads,2024-09-23,2026-02-27,94999.0,Local Footfall
CMP00340,CL0102,PPC - App Installs,Payperclick,Bing Ads,2025-12-07,2026-09-06,133354.0,App Installs
CMP00341,CL0085,Social Media Marketing - Lead Generation,Socialmediamarketing,YouTube Ads,2025-11-21,2026-09-06,42538.0,Lead Generation
CMP00342,CL0054,PPC - Lead Generation,Payperclick,Unknown,2025-06-07,2026-07-24,28433.0,Lead Generation
CMP00343,CL0298,SEO - Lead Generation,Seo,Organic Search (Google),2026-02-01,2026-09-06,51670.0,Lead Generation
CMP00344,CL0301,Local SEO / GMB - Sales / Conversions,Localseo/Gmb,Organic Search (Google),2024-09-09,2026-08-29,16212.0,Sales / Conversions
CMP00345,CL0037,SEO - App Installs,Seo,Organic Search (Google),2025-06-23,2026-09-06,48697.0,App Installs
CMP00346,CL0114,SEO - Lead Generation,Seo,Organic Search (Google),2024-12-17,2026-04-06,20362.0,Lead Generation
CMP00347,CL0181,SEO - App Installs,Seo,Unknown,2025-12-05,2026-09-06,45056.0,App Installs
CMP00348,CL0123,Local SEO / GMB - Lead Generation,Localseo/Gmb,Google My Business,2026-07-08,2026-09-06,20900.0,Lead Generation
CMP00349,CL0231,Social Media Marketing - App Installs,Socialmediamarketing,YouTube Ads,2026-01-26,2026-09-06,93234.0,App Installs
CMP00350,CL0084,Social Media Marketing - Brand Awareness,Socialmediamarketing,YouTube Ads,2025-05-26,2026-07-10,23664.0,Brand Awareness
CMP00351,CL0019,Local SEO / GMB - Local Footfall,Localseo/Gmb,Organic Search (Google),2025-08-23,2026-07-12,16974.0,Local Footfall
CMP00352,CL0108,SEO - Sales / Conversions,Seo,Organic Search (Google),2025-04-06,2026-03-27,59547.0,Sales / Conversions
CMP00353,CL0192,Local SEO / GMB - Brand Awareness,Localseo/Gmb,Organic Search (Google),2025-06-20,2026-09-06,16572.0,Brand Awareness
CMP00354,CL0058,SEO - Brand Awareness,Seo,Organic Search (Google),2024-11-28,2026-07-14,44611.0,Brand Awareness
CMP00355,CL0262,Social Media Marketing - App Installs,Socialmediamarketing,Instagram,2025-08-18,2026-09-06,28680.0,App Installs
CMP00356,CL0004,PPC - Sales / Conversions,Payperclick,Google Ads,2025-09-23,2026-08-23,114692.0,Sales / Conversions
CMP00357,CL0022,PPC - Sales / Conversions,Payperclick,Bing Ads,2025-03-08,2026-08-07,55849.0,Sales / Conversions
CMP00358,CL0163,Local SEO / GMB - App Installs,Localseo/Gmb,Organic Search (Google),2025-07-08,2026-07-16,20588.0,App Installs
CMP00359,CL0164,SEO - Website Traffic,Seo,Organic Search (Google),2024-12-21,2026-09-06,54589.0,Website Traffic
CMP00360,CL0095,Local SEO / GMB - Website Traffic,Localseo/Gmb,Organic Search (Google),2025-02-17,2026-09-06,22543.0,Website Traffic
CMP00361,CL0083,PPC - Sales / Conversions,Payperclick,Bing Ads,2026-07-08,2026-09-06,81669.0,Sales / Conversions
CMP00362,CL0023,Social Media Marketing - Lead Generation,Socialmediamarketing,YouTube Ads,2025-03-12,2026-06-30,31154.0,Lead Generation
CMP00363,CL0213,Local SEO / GMB - Lead Generation,Localseo/Gmb,Google My Business,2025-09-22,2026-09-06,15509.0,Lead Generation
CMP00364,CL0122,SEO - Lead Generation,Seo,Organic Search (Google),2026-04-15,2026-09-06,53217.0,Lead Generation
CMP00365,CL0038,Local SEO / GMB - Website Traffic,Localseo/Gmb,Google My Business,2024-09-15,2026-04-28,12754.0,Website Traffic
CMP00366,CL0128,Social Media Marketing - Website Traffic,Socialmediamarketing,LinkedIn Ads,2025-01-29,2026-07-01,70785.0,Website Traffic
CMP00367,CL0300,Social Media Marketing - App Installs,Socialmediamarketing,YouTube Ads,2026-02-13,2026-09-06,56221.0,App Installs
CMP00368,CL0084,SEO - Local Footfall,Seo,Organic Search (Google),2025-06-12,2026-08-20,29439.0,Local Footfall
CMP00369,CL0287,Social Media Marketing - Brand Awareness,Socialmediamarketing,YouTube Ads,2025-06-18,2026-09-06,75916.0,Brand Awareness
CMP00370,CL0083,Social Media Marketing - Local Footfall,Socialmediamarketing,YouTube Ads,2026-07-08,2026-09-06,45781.0,Local Footfall
CMP00371,CL0060,PPC - Local Footfall,Payperclick,Bing Ads,2025-10-24,2026-09-06,57269.0,Local Footfall
CMP00372,CL0084,SEO - Website Traffic,Seo,Organic Search (Google),2025-03-30,2026-09-06,38816.0,Website Traffic
CMP00373,CL0104,PPC - Website Traffic,Payperclick,Bing Ads,2024-12-20,2026-07-08,118503.0,Website Traffic
CMP00374,CL0039,Email Marketing - Brand Awareness,Emailmarketing,Email,2026-05-24,2026-09-06,22282.0,Brand Awareness
CMP00375,CL0189,SEO - Brand Awareness,Seo,Organic Search (Google),2024-09-13,2026-09-05,43340.0,Brand Awareness
CMP00376,CL0107,Social Media Marketing - Lead Generation,Socialmediamarketing,LinkedIn Ads,2025-09-27,2026-08-07,71268.0,Lead Generation
CMP00377,CL0230,Local SEO / GMB - Website Traffic,Localseo/Gmb,Google My Business,2025-12-27,2026-09-06,25326.0,Website Traffic
CMP00378,CL0158,SEO - Sales / Conversions,Seo,Organic Search (Google),2025-04-03,2026-08-10,27116.0,Sales / Conversions
CMP00379,CL0142,SEO - Brand Awareness,Seo,Organic Search (Google),2026-02-08,2026-09-06,37669.0,Brand Awareness
CMP00380,CL0151,Social Media Marketing - Lead Generation,Socialmediamarketing,Unknown,2026-06-22,2026-09-06,56138.0,Lead Generation
CMP00381,CL0051,SEO - Lead Generation,Seo,Organic Search (Google),2025-04-06,2026-04-17,43396.0,Lead Generation
CMP00382,CL0229,Social Media Marketing - Website Traffic,Socialmediamarketing,LinkedIn Ads,2025-10-01,2026-09-06,69909.0,Website Traffic
CMP00383,CL0034,Social Media Marketing - App Installs,Socialmediamarketing,Meta Ads,2026-06-12,2026-09-06,28067.0,App Installs
CMP00384,CL0231,Social Media Marketing - Website Traffic,Socialmediamarketing,YouTube Ads,2026-01-26,2026-09-06,81351.0,Website Traffic
CMP00385,CL0320,PPC - Lead Generation,Payperclick,Bing Ads,2024-09-08,2026-08-28,67293.0,Lead Generation
CMP00386,CL0245,Social Media Marketing - Lead Generation,Socialmediamarketing,Unknown,2025-10-22,2026-09-06,89569.0,Lead Generation
CMP00387,CL0146,Social Media Marketing - Lead Generation,Socialmediamarketing,Meta Ads,2026-04-08,2026-09-06,76570.0,Lead Generation
CMP00388,CL0101,SEO - App Installs,Seo,Organic Search (Google),2026-01-25,2026-09-06,59232.0,App Installs
CMP00389,CL0280,Social Media Marketing - App Installs,Socialmediamarketing,YouTube Ads,2026-02-14,2026-09-06,68691.0,App Installs
CMP00390,CL0083,Email Marketing - Brand Awareness,Emailmarketing,Unknown,2026-07-08,2026-09-06,15549.0,Brand Awareness
CMP00391,CL0155,Social Media Marketing - Lead Generation,Socialmediamarketing,Unknown,2024-11-07,2025-09-25,30968.0,Lead Generation
CMP00392,CL0247,Social Media Marketing - Brand Awareness,Socialmediamarketing,LinkedIn Ads,2026-07-03,2026-09-06,48886.0,Brand Awareness
CMP00393,CL0296,PPC - App Installs,Payperclick,Bing Ads,2025-12-31,2026-09-06,131584.0,App Installs
CMP00394,CL0295,SEO - Lead Generation,Seo,Organic Search (Google),2024-09-09,2026-01-27,32191.0,Lead Generation
CMP00395,CL0029,PPC - App Installs,Payperclick,Bing Ads,2024-10-26,2026-08-14,26935.0,App Installs
CMP00396,CL0288,SEO - Sales / Conversions,Seo,Organic Search (Google),2025-09-18,2026-06-28,26030.0,Sales / Conversions
CMP00397,CL0037,Local SEO / GMB - Lead Generation,Localseo/Gmb,Organic Search (Google),2025-09-30,2026-06-21,21094.0,Lead Generation
CMP00398,CL0188,PPC - Local Footfall,Payperclick,Google Ads,2026-03-03,2026-09-06,101784.0,Local Footfall
CMP00399,CL0298,Content Marketing - Website Traffic,Contentmarketing,LinkedIn,2026-02-01,2026-09-06,49352.0,Website Traffic
CMP00400,CL0210,SEO - App Installs,Seo,Organic Search (Google),2024-10-07,2026-09-06,57023.0,App Installs
CMP00401,CL0304,PPC - Lead Generation,Payperclick,Bing Ads,2024-10-14,2026-09-06,89095.0,Lead Generation
CMP00402,CL0111,PPC - Sales / Conversions,Payperclick,Google Ads,2025-03-26,2026-04-14,92086.0,Sales / Conversions
CMP00403,CL0101,PPC - Website Traffic,Payperclick,Google Ads,2026-01-25,2026-09-06,124087.0,Website Traffic
CMP00404,CL0105,Content Marketing - Website Traffic,Contentmarketing,YouTube,2026-06-07,2026-09-06,11945.0,Website Traffic
CMP00405,CL0114,Local SEO / GMB - Lead Generation,Localseo/Gmb,Organic Search (Google),2024-11-13,2026-09-06,19020.5,Lead Generation
CMP00406,CL0219,Email Marketing - Website Traffic,Emailmarketing,Email,2025-05-07,2026-08-09,14480.0,Website Traffic
CMP00407,CL0145,SEO - Local Footfall,Seo,Organic Search (Google),2026-02-12,2026-09-06,50238.0,Local Footfall
CMP00408,CL0236,Content Marketing - App Installs,Contentmarketing,Unknown,2024-11-27,2026-08-31,42014.0,App Installs
CMP00409,CL9998,SEO - Brand Awareness,Seo,Organic Search (Google),2024-12-22,2026-07-24,44501.0,Brand Awareness
CMP00410,CL0099,Email Marketing - Local Footfall,Emailmarketing,Email,2024-11-20,2026-03-31,18145.0,Local Footfall
CMP00411,CL0061,Social Media Marketing - App Installs,Socialmediamarketing,YouTube Ads,2026-04-12,2026-09-06,73746.0,App Installs
CMP00412,CL0177,PPC - Lead Generation,Payperclick,Unknown,2025-04-28,2026-08-30,95417.0,Lead Generation
CMP00413,CL0288,SEO - Lead Generation,Seo,Organic Search (Google),2025-02-22,2026-07-24,25251.0,Lead Generation
CMP00414,CL0275,SEO - Local Footfall,Seo,Unknown,2025-09-09,2026-05-30,27803.0,Local Footfall
CMP00415,CL0082,PPC - Brand Awareness,Payperclick,Google Ads,2025-05-01,2026-09-06,116436.0,Brand Awareness
CMP00416,CL0153,Email Marketing - Lead Generation,Emailmarketing,Email,2025-03-12,2026-07-01,17367.0,Lead Generation
CMP00417,CL0226,Content Marketing - Sales / Conversions,Contentmarketing,YouTube,2026-02-12,2026-09-06,19516.0,Sales / Conversions
CMP00418,CL0196,Local SEO / GMB - Website Traffic,Localseo/Gmb,Google My Business,2026-06-12,2026-09-06,27312.0,Website Traffic
CMP00419,CL0022,SEO - Website Traffic,Seo,Organic Search (Google),2025-02-15,2026-09-06,59128.0,Website Traffic
CMP00420,CL9998,Social Media Marketing - Website Traffic,Socialmediamarketing,Instagram,2025-08-10,2026-09-06,68216.0,Website Traffic
CMP00421,CL0013,PPC - Local Footfall,Payperclick,Google Ads,2026-07-01,2026-09-06,49612.0,Local Footfall
CMP00422,CL0038,Social Media Marketing - App Installs,Socialmediamarketing,Meta Ads,2025-08-05,2026-07-22,55990.5,App Installs
CMP00423,CL0210,PPC - Lead Generation,Payperclick,Bing Ads,2025-05-13,2026-02-07,50768.0,Lead Generation
CMP00424,CL0033,PPC - Lead Generation,Payperclick,Bing Ads,2026-03-14,2026-09-06,76220.0,Lead Generation
CMP00425,CL0109,Social Media Marketing - Lead Generation,Socialmediamarketing,LinkedIn Ads,2024-10-01,2026-09-02,87987.0,Lead Generation
CMP00426,CL0189,SEO - Sales / Conversions,Seo,Organic Search (Google),2024-09-20,2026-08-02,38430.0,Sales / Conversions
CMP00427,CL0210,Social Media Marketing - Sales / Conversions,Socialmediamarketing,Meta Ads,2025-02-01,2026-07-18,35653.0,Sales / Conversions
CMP00428,CL0143,Social Media Marketing - Local Footfall,Socialmediamarketing,Meta Ads,2024-09-06,2026-08-22,21808.0,Local Footfall
CMP00429,CL0031,SEO - Sales / Conversions,Seo,Organic Search (Google),2024-09-10,2026-08-30,31240.0,Sales / Conversions
CMP00430,CL0256,Local SEO / GMB - Lead Generation,Localseo/Gmb,Google My Business,2025-05-22,2026-03-29,19020.5,Lead Generation
CMP00431,CL0304,Social Media Marketing - Local Footfall,Socialmediamarketing,LinkedIn Ads,2024-10-22,2026-07-09,75744.0,Local Footfall
CMP00432,CL0285,Content Marketing - Brand Awareness,Contentmarketing,Organic Search (Google),2025-11-02,2026-07-29,18917.0,Brand Awareness
CMP00433,CL0240,Social Media Marketing - Local Footfall,Socialmediamarketing,Instagram,2024-11-30,2026-09-06,28493.0,Local Footfall
CMP00434,CL0129,Social Media Marketing - App Installs,Socialmediamarketing,YouTube Ads,2025-09-08,2026-07-30,74623.0,App Installs
CMP00435,CL0281,Social Media Marketing - Local Footfall,Socialmediamarketing,YouTube Ads,2024-10-19,2026-09-06,28521.0,Local Footfall
CMP00436,CL0157,Email Marketing - App Installs,Emailmarketing,Email,2025-04-19,2026-04-08,6285.0,App Installs
CMP00437,CL0044,Social Media Marketing - Lead Generation,Socialmediamarketing,YouTube Ads,2026-02-05,2026-09-06,56340.0,Lead Generation
CMP00438,CL0273,PPC - Website Traffic,Payperclick,Google Ads,2026-05-06,2026-09-06,94218.0,Website Traffic
CMP00439,CL0103,SEO - Sales / Conversions,Seo,Organic Search (Google),2025-04-06,2026-09-06,25966.0,Sales / Conversions
CMP00440,CL0301,Social Media Marketing - Website Traffic,Socialmediamarketing,LinkedIn Ads,2024-10-08,2025-09-17,32953.0,Website Traffic
CMP00441,CL0118,SEO - App Installs,Seo,Organic Search (Google),2025-02-23,2026-03-04,25604.0,App Installs
CMP00442,CL0279,PPC - Website Traffic,Payperclick,Google Ads,2026-06-29,2026-09-06,64567.0,Website Traffic
CMP00443,CL9998,SEO - Brand Awareness,Seo,Organic Search (Google),2025-08-11,2026-05-24,15415.0,Brand Awareness
CMP00444,CL0150,Social Media Marketing - Local Footfall,Socialmediamarketing,YouTube Ads,2025-09-10,2026-09-06,15999.0,Local Footfall
CMP00445,CL0095,SEO - Website Traffic,Seo,Organic Search (Google),2025-04-13,2026-08-25,31670.0,Website Traffic
CMP00446,CL0268,Social Media Marketing - Local Footfall,Socialmediamarketing,Meta Ads,2025-03-28,2026-06-18,16691.0,Local Footfall
CMP00447,CL0020,Content Marketing - Brand Awareness,Contentmarketing,LinkedIn,2025-07-27,2026-07-11,22730.0,Brand Awareness
CMP00448,CL0151,Content Marketing - Local Footfall,Contentmarketing,YouTube,2026-06-22,2026-09-06,33236.0,Local Footfall
CMP00449,CL0119,PPC - Brand Awareness,Payperclick,Bing Ads,2025-06-06,2026-09-06,24050.0,Brand Awareness
CMP00450,CL0174,Social Media Marketing - Sales / Conversions,Socialmediamarketing,Instagram,2024-09-07,2026-09-06,67515.0,Sales / Conversions
CMP00451,CL0082,Social Media Marketing - Local Footfall,Socialmediamarketing,Meta Ads,2025-04-29,2026-05-27,67804.0,Local Footfall
CMP00452,CL0213,Social Media Marketing - Sales / Conversions,Socialmediamarketing,YouTube Ads,2025-09-22,2026-09-06,63733.0,Sales / Conversions
CMP00453,CL0124,Social Media Marketing - Brand Awareness,Socialmediamarketing,LinkedIn Ads,2024-11-08,2026-02-27,68265.0,Brand Awareness
CMP00454,CL0061,SEO - Local Footfall,Seo,Organic Search (Google),2026-04-12,2026-09-06,51415.0,Local Footfall
CMP00455,CL0064,Local SEO / GMB - Local Footfall,Localseo/Gmb,Google My Business,2025-10-01,2026-09-06,9557.0,Local Footfall
CMP00456,CL0223,SEO - Brand Awareness,Seo,Organic Search (Google),2025-06-02,2026-07-09,22597.0,Brand Awareness
CMP00457,CL0084,Content Marketing - Brand Awareness,Contentmarketing,YouTube,2025-03-30,2026-09-06,22681.0,Brand Awareness
CMP00458,CL0099,Social Media Marketing - Brand Awareness,Socialmediamarketing,Unknown,2024-12-11,2025-08-23,73489.0,Brand Awareness
CMP00459,CL0201,PPC - Lead Generation,Payperclick,Google Ads,2025-07-18,2026-05-24,133464.0,Lead Generation
CMP00460,CL0106,Content Marketing - Website Traffic,Contentmarketing,Organic Search (Google),2026-03-14,2026-09-06,46746.0,Website Traffic
CMP00461,CL0125,SEO - Brand Awareness,Seo,Unknown,2025-02-06,2026-01-08,41197.0,Brand Awareness
CMP00462,CL0079,Content Marketing - Local Footfall,Contentmarketing,Organic Search (Google),2025-07-01,2026-09-06,26404.0,Local Footfall
CMP00463,CL0111,Social Media Marketing - Brand Awareness,Socialmediamarketing,Instagram,2024-09-06,2026-08-09,50017.0,Brand Awareness
CMP00464,CL0222,SEO - Website Traffic,Seo,Organic Search (Google),2024-11-15,2026-05-20,17692.0,Website Traffic
CMP00465,CL0171,SEO - Website Traffic,Seo,Organic Search (Google),2025-04-09,2026-08-22,35929.0,Website Traffic
CMP00466,CL0320,Content Marketing - Website Traffic,Contentmarketing,Organic Search (Google),2024-09-28,2026-06-23,30513.0,Website Traffic
CMP00467,CL0247,PPC - Lead Generation,Payperclick,Bing Ads,2026-07-03,2026-09-06,47076.0,Lead Generation
CMP00468,CL0006,Email Marketing - Sales / Conversions,Emailmarketing,Email,2025-01-24,2026-09-06,20359.0,Sales / Conversions
CMP00469,CL0122,Content Marketing - Website Traffic,Contentmarketing,Organic Search (Google),2026-04-15,2026-09-06,42475.0,Website Traffic
CMP00470,CL0093,Social Media Marketing - Sales / Conversions,Socialmediamarketing,Meta Ads,2025-01-22,2026-02-11,40671.0,Sales / Conversions
CMP00471,CL0189,PPC - Local Footfall,Payperclick,Google Ads,2025-02-19,2026-05-28,138820.0,Local Footfall
CMP00472,CL0086,Social Media Marketing - Website Traffic,Socialmediamarketing,YouTube Ads,2026-01-11,2026-09-06,55990.5,Website Traffic
CMP00473,CL0310,Local SEO / GMB - Sales / Conversions,Localseo/Gmb,Google My Business,2026-03-09,2026-09-06,28034.0,Sales / Conversions
CMP00474,CL0096,SEO - Lead Generation,Seo,Organic Search (Google),2024-11-15,2026-08-18,49563.0,Lead Generation
CMP00475,CL0168,PPC - Brand Awareness,Payperclick,Unknown,2025-11-11,2026-07-28,49111.0,Brand Awareness
CMP00476,CL0040,PPC - Sales / Conversions,Payperclick,Google Ads,2026-04-15,2026-09-06,104521.0,Sales / Conversions
CMP00477,CL0292,PPC - Sales / Conversions,Payperclick,Google Ads,2025-02-24,2026-05-10,60396.0,Sales / Conversions
CMP00478,CL0292,Content Marketing - Local Footfall,Contentmarketing,Organic Search (Google),2024-11-22,2026-08-30,41989.0,Local Footfall
CMP00479,CL0254,Social Media Marketing - App Installs,Socialmediamarketing,Meta Ads,2025-01-31,2026-06-29,28652.0,App Installs
CMP00480,CL0113,Social Media Marketing - Lead Generation,Socialmediamarketing,YouTube Ads,2025-01-09,2026-07-10,35817.0,Lead Generation
CMP00481,CL0019,PPC - Website Traffic,Payperclick,Google Ads,2025-09-26,2026-07-01,59936.0,Website Traffic
CMP00482,CL0228,SEO - Sales / Conversions,Seo,Organic Search (Google),2025-12-03,2026-09-06,23985.0,Sales / Conversions
CMP00483,CL0138,PPC - Lead Generation,Payperclick,Unknown,2024-10-27,2026-09-05,63264.0,Lead Generation
CMP00484,CL0317,Email Marketing - Website Traffic,Emailmarketing,Email,2026-01-27,2026-09-06,17051.0,Website Traffic
CMP00485,CL0224,Social Media Marketing - Website Traffic,Socialmediamarketing,YouTube Ads,2025-12-01,2026-09-05,68813.0,Website Traffic
CMP00486,CL0173,PPC - Lead Generation,Payperclick,Unknown,2025-10-05,2026-09-06,92011.0,Lead Generation
CMP00487,CL0316,Content Marketing - Sales / Conversions,Contentmarketing,YouTube,2025-05-20,2026-07-25,32319.0,Sales / Conversions
CMP00488,CL0257,SEO - App Installs,Seo,Organic Search (Google),2025-12-18,2026-09-06,24109.0,App Installs
CMP00489,CL0147,PPC - Brand Awareness,Payperclick,Google Ads,2025-09-04,2026-09-06,139521.0,Brand Awareness
CMP00490,CL0007,PPC - Sales / Conversions,Payperclick,Google Ads,2024-09-08,2026-08-11,52673.0,Sales / Conversions
CMP00491,CL0030,Local SEO / GMB - Lead Generation,Localseo/Gmb,Google My Business,2025-02-16,2026-08-31,10268.0,Lead Generation
CMP00492,CL0142,Social Media Marketing - Brand Awareness,Socialmediamarketing,LinkedIn Ads,2026-02-08,2026-09-06,53588.0,Brand Awareness
CMP00493,CL0180,Social Media Marketing - Local Footfall,Socialmediamarketing,Instagram,2026-01-14,2026-09-06,15584.0,Local Footfall
CMP00494,CL0010,SEO - Website Traffic,Seo,Organic Search (Google),2025-01-29,2026-09-06,30419.0,Website Traffic
CMP00495,CL0041,SEO - Brand Awareness,Seo,Organic Search (Google),2025-07-22,2026-09-06,53472.0,Brand Awareness
CMP00496,CL0226,Social Media Marketing - Sales / Conversions,Socialmediamarketing,LinkedIn Ads,2026-02-12,2026-09-06,37728.0,Sales / Conversions
CMP00497,CL0241,PPC - Brand Awareness,Payperclick,Bing Ads,2025-01-09,2026-09-06,111490.0,Brand Awareness
CMP00498,CL0010,Local SEO / GMB - Sales / Conversions,Localseo/Gmb,Organic Search (Google),2025-01-29,2026-08-28,18775.0,Sales / Conversions
CMP00499,CL0163,Content Marketing - Lead Generation,Contentmarketing,YouTube,2025-02-08,2026-02-17,24214.0,Lead Generation
CMP00500,CL0026,PPC - Website Traffic,Payperclick,Bing Ads,2026-01-09,2026-09-06,106004.0,Website Traffic
CMP00501,CL0232,Content Marketing - Website Traffic,Contentmarketing,YouTube,2026-05-13,2026-06-09,33819.0,Website Traffic
CMP00502,CL0267,Local SEO / GMB - Website Traffic,Localseo/Gmb,Organic Search (Google),2024-10-26,2026-07-20,15001.0,Website Traffic
CMP00503,CL0279,Social Media Marketing - Sales / Conversions,Socialmediamarketing,LinkedIn Ads,2026-06-29,2026-09-06,34001.0,Sales / Conversions
CMP00504,CL0192,Social Media Marketing - Brand Awareness,Socialmediamarketing,YouTube Ads,2025-06-20,2026-09-06,92929.0,Brand Awareness
CMP00505,CL0202,Email Marketing - Brand Awareness,Emailmarketing,Email,2025-06-04,2026-09-06,8367.0,Brand Awareness
CMP00506,CL0297,PPC - Brand Awareness,Payperclick,Google Ads,2025-01-23,2025-11-30,144734.0,Brand Awareness
CMP00507,CL0196,Email Marketing - Sales / Conversions,Emailmarketing,Email,2026-06-12,2026-09-06,14422.0,Sales / Conversions
CMP00508,CL0000,SEO - Sales / Conversions,Seo,Organic Search (Google),2024-12-01,2026-07-02,59853.0,Sales / Conversions
CMP00509,CL0242,Social Media Marketing - App Installs,Socialmediamarketing,YouTube Ads,2025-05-21,2026-03-07,45020.0,App Installs
CMP00510,CL0190,Content Marketing - Lead Generation,Contentmarketing,YouTube,2025-08-10,2026-09-06,32620.0,Lead Generation
CMP00511,CL0270,Social Media Marketing - Brand Awareness,Socialmediamarketing,Instagram,2024-10-20,2026-06-13,67294.0,Brand Awareness
CMP00512,CL0168,Social Media Marketing - Local Footfall,Socialmediamarketing,Instagram,2025-03-17,2026-09-06,43789.0,Local Footfall
CMP00513,CL0279,Social Media Marketing - Local Footfall,Socialmediamarketing,LinkedIn Ads,2026-06-29,2026-09-06,33542.0,Local Footfall
CMP00514,CL0015,SEO - Local Footfall,Seo,Organic Search (Google),2024-10-27,2026-07-07,38415.0,Local Footfall
CMP00515,CL9999,SEO - Brand Awareness,Seo,Organic Search (Google),2025-05-05,2026-09-06,37669.0,Brand Awareness
CMP00516,CL0032,PPC - Lead Generation,Payperclick,Bing Ads,2024-11-13,2026-07-06,53984.0,Lead Generation
CMP00517,CL0178,Social Media Marketing - Brand Awareness,Socialmediamarketing,Meta Ads,2026-02-19,2026-09-06,80183.0,Brand Awareness
CMP00518,CL0227,PPC - Lead Generation,Payperclick,Bing Ads,2026-03-03,2026-09-06,103053.0,Lead Generation
CMP00519,CL0070,PPC - Local Footfall,Payperclick,Bing Ads,2025-02-04,2026-07-06,41662.0,Local Footfall
CMP00520,CL0050,Email Marketing - Local Footfall,Emailmarketing,Email,2024-11-19,2026-09-06,23772.0,Local Footfall
CMP00521,CL0276,PPC - App Installs,Payperclick,Google Ads,2025-10-19,2026-07-28,25701.0,App Installs
CMP00522,CL0241,PPC - App Installs,Payperclick,Bing Ads,2025-02-02,2026-08-21,104984.0,App Installs
CMP00523,CL0208,PPC - Sales / Conversions,Payperclick,Bing Ads,2025-12-15,2026-09-06,77146.0,Sales / Conversions
CMP00524,CL0157,SEO - Sales / Conversions,Seo,Organic Search (Google),2025-04-14,2026-08-13,44421.0,Sales / Conversions
CMP00525,CL9999,Content Marketing - Local Footfall,Contentmarketing,Organic Search (Google),2025-08-23,2026-08-23,40960.0,Local Footfall
CMP00526,CL0007,PPC - App Installs,Payperclick,Google Ads,2024-11-09,2026-09-03,109336.0,App Installs
CMP00527,CL0061,SEO - Website Traffic,Seo,Organic Search (Google),2026-04-12,2026-09-06,44285.0,Website Traffic
CMP00528,CL0288,Local SEO / GMB - Local Footfall,Localseo/Gmb,Organic Search (Google),2025-04-25,2026-05-30,26499.0,Local Footfall
CMP00529,CL0109,Content Marketing - Sales / Conversions,Contentmarketing,Organic Search (Google),2025-08-02,2026-06-06,38075.0,Sales / Conversions
CMP00530,CL0226,Content Marketing - Sales / Conversions,Contentmarketing,LinkedIn,2026-02-12,2026-09-06,42549.0,Sales / Conversions
CMP00531,CL0226,Email Marketing - Local Footfall,Emailmarketing,Email,2026-02-12,2026-09-06,13056.0,Local Footfall
CMP00532,CL0100,Email Marketing - Sales / Conversions,Emailmarketing,Email,2025-08-26,2026-08-27,9056.0,Sales / Conversions
CMP00533,CL0066,PPC - App Installs,Payperclick,Google Ads,2025-03-30,2026-08-22,50542.0,App Installs
CMP00534,CL0222,Social Media Marketing - Sales / Conversions,Socialmediamarketing,Meta Ads,2025-02-06,2026-08-27,67029.0,Sales / Conversions
CMP00535,CL0030,Social Media Marketing - Brand Awareness,Socialmediamarketing,Unknown,2024-11-13,2026-09-06,60201.0,Brand Awareness
CMP00536,CL0159,PPC - Brand Awareness,Payperclick,Bing Ads,2025-03-30,2026-09-06,30029.0,Brand Awareness
CMP00537,CL0285,PPC - Website Traffic,Payperclick,Bing Ads,2024-12-19,2026-08-19,46567.0,Website Traffic
CMP00538,CL0228,SEO - Sales / Conversions,Seo,Organic Search (Google),2025-12-03,2026-09-06,58539.0,Sales / Conversions
CMP00539,CL0245,Social Media Marketing - Sales / Conversions,Socialmediamarketing,YouTube Ads,2025-10-22,2026-09-06,76729.0,Sales / Conversions
CMP00540,CL0027,Content Marketing - App Installs,Contentmarketing,Organic Search (Google),2026-03-16,2026-09-06,40199.0,App Installs
CMP00541,CL0064,Content Marketing - Lead Generation,Contentmarketing,LinkedIn,2025-06-28,2026-09-06,17878.0,Lead Generation
CMP00542,CL0089,PPC - Lead Generation,Payperclick,Bing Ads,2025-04-15,2026-09-06,28348.0,Lead Generation
CMP00543,CL0094,SEO - Local Footfall,Seo,Organic Search (Google),2024-10-15,2026-01-19,28106.0,Local Footfall
CMP00544,CL0063,PPC - Website Traffic,Payperclick,Google Ads,2025-11-22,2026-09-06,131394.0,Website Traffic
CMP00545,CL9998,Social Media Marketing - Website Traffic,Socialmediamarketing,YouTube Ads,2024-09-15,2025-12-16,58056.0,Website Traffic
CMP00546,CL0053,Email Marketing - Lead Generation,Emailmarketing,Email,2025-07-06,2026-07-27,14341.0,Lead Generation
CMP00547,CL0227,Email Marketing - Website Traffic,Emailmarketing,Email,2026-03-03,2026-09-06,14734.0,Website Traffic
CMP00548,CL0188,Email Marketing - Sales / Conversions,Emailmarketing,Email,2026-03-03,2026-09-06,14803.0,Sales / Conversions
CMP00549,CL0196,Email Marketing - Website Traffic,Emailmarketing,Email,2026-06-12,2026-09-06,17016.0,Website Traffic
CMP00550,CL0069,Local SEO / GMB - Lead Generation,Localseo/Gmb,Google My Business,2026-03-21,2026-09-06,29096.0,Lead Generation
CMP00551,CL0099,Social Media Marketing - Website Traffic,Socialmediamarketing,LinkedIn Ads,2025-09-18,2026-08-13,52182.0,Website Traffic
CMP00552,CL0195,SEO - Website Traffic,Seo,Organic Search (Google),2025-05-31,2026-09-06,41809.0,Website Traffic
CMP00553,CL0096,SEO - Brand Awareness,Seo,Organic Search (Google),2024-11-09,2025-10-26,56376.0,Brand Awareness
CMP00554,CL0223,PPC - Lead Generation,Payperclick,Bing Ads,2025-05-30,2026-08-27,68399.0,Lead Generation
CMP00555,CL0013,PPC - Local Footfall,Payperclick,Google Ads,2026-07-01,2026-09-06,129191.0,Local Footfall
CMP00556,CL0024,SEO - App Installs,Seo,Organic Search (Google),2025-10-07,2026-06-18,39077.0,App Installs
CMP00557,CL0234,Local SEO / GMB - Website Traffic,Localseo/Gmb,Google My Business,2025-04-15,2026-09-06,27340.0,Website Traffic
CMP00558,CL0198,SEO - App Installs,Seo,Organic Search (Google),2024-11-16,2025-11-09,36051.0,App Installs
CMP00559,CL0014,Local SEO / GMB - App Installs,Localseo/Gmb,Organic Search (Google),2025-10-12,2026-09-06,21849.0,App Installs
CMP00560,CL0288,Content Marketing - Lead Generation,Contentmarketing,Organic Search (Google),2025-03-03,2026-07-17,22931.0,Lead Generation
CMP00561,CL0002,Social Media Marketing - Sales / Conversions,Socialmediamarketing,Meta Ads,2025-03-18,2026-04-25,68975.0,Sales / Conversions
CMP00562,CL0306,Social Media Marketing - Local Footfall,Socialmediamarketing,Meta Ads,2025-03-28,2026-03-21,42731.0,Local Footfall
CMP00563,CL0234,PPC - Brand Awareness,Payperclick,Bing Ads,2025-04-18,2026-08-07,99195.0,Brand Awareness
CMP00564,CL0317,Social Media Marketing - Local Footfall,Socialmediamarketing,Meta Ads,2026-01-27,2026-09-06,82045.0,Local Footfall
CMP00565,CL0304,SEO - Lead Generation,Seo,Organic Search (Google),2025-04-13,2026-08-21,34569.0,Lead Generation
CMP00566,CL0101,Local SEO / GMB - Brand Awareness,Localseo/Gmb,Google My Business,2026-01-25,2026-09-06,17443.0,Brand Awareness
CMP00567,CL0243,PPC - Sales / Conversions,Payperclick,Bing Ads,2025-10-14,2026-09-06,61873.0,Sales / Conversions
CMP00568,CL0068,PPC - Website Traffic,Payperclick,Google Ads,2025-09-05,2026-09-06,114960.0,Website Traffic
CMP00569,CL0151,Social Media Marketing - Brand Awareness,Socialmediamarketing,LinkedIn Ads,2026-06-22,2026-09-06,65320.0,Brand Awareness
CMP00570,CL0077,Social Media Marketing - Brand Awareness,Socialmediamarketing,LinkedIn Ads,2025-07-03,2026-09-06,58897.0,Brand Awareness
CMP00571,CL0156,PPC - Website Traffic,Payperclick,Bing Ads,2025-04-29,2026-09-06,23319.0,Website Traffic
CMP00572,CL0280,Social Media Marketing - Brand Awareness,Socialmediamarketing,Instagram,2026-02-14,2026-09-06,24358.0,Brand Awareness
CMP00573,CL0140,SEO - Local Footfall,Seo,Organic Search (Google),2025-10-11,2026-09-06,15335.0,Local Footfall
CMP00574,CL0030,Social Media Marketing - Local Footfall,Socialmediamarketing,Unknown,2024-12-14,2026-05-06,87271.0,Local Footfall
CMP00575,CL0104,PPC - Brand Awareness,Payperclick,Unknown,2025-07-24,2026-05-28,130713.0,Brand Awareness
CMP00576,CL0252,PPC - Website Traffic,Payperclick,Google Ads,2025-09-14,2026-09-06,28830.0,Website Traffic
CMP00577,CL0167,SEO - Brand Awareness,Seo,Organic Search (Google),2025-06-28,2026-09-06,17089.0,Brand Awareness
CMP00578,CL0180,PPC - Sales / Conversions,Payperclick,Google Ads,2026-01-14,2026-09-06,121586.0,Sales / Conversions
CMP00579,CL0138,PPC - App Installs,Payperclick,Google Ads,2024-10-30,2026-05-17,88223.0,App Installs
CMP00580,CL0094,PPC - Brand Awareness,Payperclick,Google Ads,2025-02-22,2026-04-20,60160.0,Brand Awareness
CMP00581,CL0192,SEO - Lead Generation,Seo,Organic Search (Google),2025-06-20,2026-09-06,42674.0,Lead Generation
CMP00582,CL0203,SEO - Brand Awareness,Seo,Organic Search (Google),2025-05-04,2026-09-06,25641.0,Brand Awareness
CMP00583,CL0288,Social Media Marketing - Local Footfall,Socialmediamarketing,Meta Ads,2025-02-27,2026-01-29,31844.0,Local Footfall
CMP00584,CL0198,SEO - Brand Awareness,Seo,Organic Search (Google),2024-11-26,2026-08-01,31536.0,Brand Awareness
CMP00585,CL0319,Social Media Marketing - Sales / Conversions,Socialmediamarketing,Instagram,2025-12-28,2026-09-06,91137.0,Sales / Conversions
CMP00586,CL0265,Local SEO / GMB - Website Traffic,Localseo/Gmb,Google My Business,2024-11-02,2026-08-21,24877.0,Website Traffic
CMP00587,CL0026,PPC - Lead Generation,Payperclick,Google Ads,2026-01-09,2026-09-06,81442.0,Lead Generation
CMP00588,CL0126,Email Marketing - Brand Awareness,Emailmarketing,Email,2025-07-18,2026-09-06,16234.0,Brand Awareness
CMP00589,CL0124,SEO - Brand Awareness,Seo,Organic Search (Google),2024-11-24,2026-08-10,54803.0,Brand Awareness
CMP00590,CL0001,SEO - Local Footfall,Seo,Organic Search (Google),2025-09-19,2026-09-06,57822.0,Local Footfall
CMP00591,CL0058,Content Marketing - Local Footfall,Contentmarketing,Organic Search (Google),2025-06-14,2026-02-28,40519.0,Local Footfall
CMP00592,CL0244,Content Marketing - App Installs,Contentmarketing,YouTube,2026-01-23,2026-09-06,15154.0,App Installs
CMP00593,CL0113,Email Marketing - Brand Awareness,Emailmarketing,Email,2024-10-28,2026-07-11,9814.0,Brand Awareness
CMP00594,CL0048,SEO - Website Traffic,Seo,Organic Search (Google),2024-10-03,2026-08-19,24837.0,Website Traffic
CMP00595,CL0092,Content Marketing - Website Traffic,Contentmarketing,Organic Search (Google),2025-03-29,2026-08-25,16029.0,Website Traffic
CMP00596,CL0088,PPC - Local Footfall,Payperclick,Google Ads,2025-04-27,2026-08-18,42792.0,Local Footfall
CMP00597,CL0056,PPC - Lead Generation,Payperclick,Google Ads,2025-05-29,2026-07-31,81442.0,Lead Generation
CMP00598,CL0033,SEO - App Installs,Seo,Organic Search (Google),2026-03-14,2026-09-06,39997.0,App Installs
CMP00599,CL0245,Local SEO / GMB - Brand Awareness,Localseo/Gmb,Google My Business,2025-10-22,2026-09-06,16754.0,Brand Awareness
CMP00600,CL0264,SEO - Website Traffic,Seo,Organic Search (Google),2025-02-23,2026-06-24,33936.0,Website Traffic
CMP00601,CL0159,Content Marketing - Local Footfall,Contentmarketing,Organic Search (Google),2025-03-30,2026-09-06,19831.0,Local Footfall
CMP00602,CL0197,Social Media Marketing - Lead Generation,Socialmediamarketing,Instagram,2025-09-24,2026-06-26,27838.0,Lead Generation
CMP00603,CL0295,Content Marketing - Lead Generation,Contentmarketing,YouTube,2024-10-04,2026-06-03,49955.0,Lead Generation
CMP00604,CL0270,Social Media Marketing - App Installs,Socialmediamarketing,YouTube Ads,2025-05-20,2026-04-07,65914.0,App Installs
CMP00605,CL0011,Email Marketing - Lead Generation,Emailmarketing,Email,2026-08-07,2026-09-06,9593.0,Lead Generation
CMP00606,CL0305,SEO - App Installs,Seo,Organic Search (Google),2024-12-06,2026-09-06,51449.0,App Installs
CMP00607,CL0022,SEO - Website Traffic,Seo,Organic Search (Google),2025-02-15,2026-09-06,52378.0,Website Traffic
CMP00608,CL0009,Social Media Marketing - Sales / Conversions,Socialmediamarketing,LinkedIn Ads,2025-06-23,2026-09-06,97176.0,Sales / Conversions
CMP00609,CL0130,PPC - Local Footfall,Payperclick,Bing Ads,2026-06-08,2026-09-06,40685.0,Local Footfall
CMP00610,CL0239,SEO - Local Footfall,Seo,Organic Search (Google),2025-09-16,2026-09-06,43798.0,Local Footfall
CMP00611,CL0026,SEO - Brand Awareness,Seo,Organic Search (Google),2026-01-09,2026-09-06,59111.0,Brand Awareness
CMP00612,CL0094,PPC - Lead Generation,Payperclick,Unknown,2024-09-06,2025-09-30,124867.0,Lead Generation
CMP00613,CL0085,SEO - Lead Generation,Seo,Organic Search (Google),2025-11-20,2026-09-06,25148.0,Lead Generation
CMP00614,CL0128,SEO - Lead Generation,Seo,Organic Search (Google),2025-02-14,2026-06-24,55186.0,Lead Generation
CMP00615,CL0316,Email Marketing - Local Footfall,Emailmarketing,Email,2025-04-20,2026-05-21,13433.0,Local Footfall
CMP00616,CL0107,PPC - Website Traffic,Payperclick,Google Ads,2025-09-18,2026-08-20,83559.0,Website Traffic
CMP00617,CL0000,Local SEO / GMB - App Installs,Localseo/Gmb,Organic Search (Google),2026-07-08,2026-09-06,20288.0,App Installs
CMP00618,CL0040,Local SEO / GMB - Brand Awareness,Localseo/Gmb,Organic Search (Google),2026-04-15,2026-09-06,24970.0,Brand Awareness
CMP00619,CL0064,SEO - Local Footfall,Seo,Organic Search (Google),2025-07-25,2026-07-19,20412.0,Local Footfall
CMP00620,CL0043,Social Media Marketing - App Installs,Socialmediamarketing,LinkedIn Ads,2025-03-01,2026-08-17,60836.0,App Installs
CMP00621,CL0184,Social Media Marketing - App Installs,Socialmediamarketing,YouTube Ads,2025-11-29,2026-09-06,84429.0,App Installs
CMP00622,CL0135,Social Media Marketing - Sales / Conversions,Socialmediamarketing,Meta Ads,2025-07-23,2026-09-06,61622.0,Sales / Conversions
CMP00623,CL0160,SEO - App Installs,Seo,Organic Search (Google),2025-09-21,2026-08-26,27360.0,App Installs
CMP00624,CL0267,SEO - Website Traffic,Seo,Organic Search (Google),2024-11-04,2025-09-16,17532.0,Website Traffic
CMP00625,CL0186,SEO - Sales / Conversions,Seo,Organic Search (Google),2026-01-10,2026-09-06,39717.0,Sales / Conversions
CMP00626,CL0050,Social Media Marketing - Website Traffic,Socialmediamarketing,YouTube Ads,2024-11-27,2025-12-19,74784.0,Website Traffic
CMP00627,CL0121,Local SEO / GMB - Brand Awareness,Localseo/Gmb,Organic Search (Google),2026-06-11,2026-09-06,20091.0,Brand Awareness
CMP00628,CL0101,Social Media Marketing - Local Footfall,Socialmediamarketing,Meta Ads,2026-01-25,2026-09-06,98245.0,Local Footfall
CMP00629,CL0265,Social Media Marketing - App Installs,Socialmediamarketing,Meta Ads,2024-11-29,2026-08-28,66224.0,App Installs
CMP00630,CL0099,Local SEO / GMB - App Installs,Localseo/Gmb,Organic Search (Google),2024-11-24,2026-08-21,19181.0,App Installs
CMP00631,CL0045,Social Media Marketing - App Installs,Socialmediamarketing,Instagram,2025-06-26,2026-04-20,19716.0,App Installs
CMP00632,CL0236,SEO - Sales / Conversions,Seo,Organic Search (Google),2024-11-15,2026-07-16,40136.0,Sales / Conversions
CMP00633,CL0138,Email Marketing - Local Footfall,Emailmarketing,Unknown,2025-06-25,2026-03-04,8372.0,Local Footfall
CMP00634,CL0031,PPC - Brand Awareness,Payperclick,Unknown,2024-11-23,2026-08-21,114215.0,Brand Awareness
CMP00635,CL0221,SEO - Website Traffic,Seo,Organic Search (Google),2026-05-08,2026-09-06,22253.0,Website Traffic
CMP00636,CL0068,Social Media Marketing - Lead Generation,Socialmediamarketing,Instagram,2025-09-06,2026-09-04,92069.0,Lead Generation
CMP00637,CL0278,Local SEO / GMB - Brand Awareness,Localseo/Gmb,Organic Search (Google),2025-01-01,2026-01-28,14645.0,Brand Awareness
CMP00638,CL0267,PPC - Website Traffic,Payperclick,Unknown,2025-02-06,2026-03-08,76417.0,Website Traffic
CMP00639,CL0119,Social Media Marketing - Sales / Conversions,Socialmediamarketing,Meta Ads,2025-07-28,2026-04-23,27317.0,Sales / Conversions
CMP00640,CL0178,SEO - Local Footfall,Seo,Organic Search (Google),2026-02-19,2026-09-06,24481.0,Local Footfall
CMP00641,CL0182,SEO - Website Traffic,Seo,Organic Search (Google),2026-05-13,2026-09-06,56486.0,Website Traffic
CMP00642,CL0210,SEO - Sales / Conversions,Seo,Organic Search (Google),2024-10-25,2026-08-28,27765.0,Sales / Conversions
CMP00643,CL0023,Content Marketing - Sales / Conversions,Contentmarketing,Organic Search (Google),2024-09-30,2026-08-19,30518.0,Sales / Conversions
CMP00644,CL0104,Email Marketing - Website Traffic,Emailmarketing,Email,2025-09-29,2026-07-28,24627.0,Website Traffic
CMP00645,CL0055,SEO - App Installs,Seo,Organic Search (Google),2025-03-26,2026-07-09,43060.0,App Installs
CMP00646,CL0224,PPC - Brand Awareness,Payperclick,Google Ads,2025-12-01,2026-09-06,25413.0,Brand Awareness
CMP00647,CL0023,SEO - Website Traffic,Seo,Organic Search (Google),2025-01-03,2026-05-05,31086.0,Website Traffic
CMP00648,CL0166,SEO - Website Traffic,Seo,Organic Search (Google),2025-03-16,2026-04-06,32408.0,Website Traffic
CMP00649,CL0233,Social Media Marketing - Lead Generation,Socialmediamarketing,LinkedIn Ads,2025-03-21,2026-09-06,38480.0,Lead Generation
CMP00650,CL0304,Social Media Marketing - Local Footfall,Socialmediamarketing,YouTube Ads,2024-12-09,2025-08-25,35500.0,Local Footfall
CMP00651,CL0093,Social Media Marketing - Website Traffic,Socialmediamarketing,YouTube Ads,2025-01-22,2026-09-06,57770.0,Website Traffic
CMP00652,CL0003,PPC - Brand Awareness,Payperclick,Bing Ads,2025-04-01,2026-09-06,69015.0,Brand Awareness
CMP00653,CL0232,Social Media Marketing - Website Traffic,Socialmediamarketing,YouTube Ads,2026-05-13,2026-09-06,40017.0,Website Traffic
CMP00654,CL0001,SEO - App Installs,Seo,Organic Search (Google),2025-09-19,2026-09-06,33584.0,App Installs
CMP00655,CL0022,SEO - Local Footfall,Seo,Organic Search (Google),2025-02-15,2026-09-06,30464.0,Local Footfall
CMP00656,CL0317,Local SEO / GMB - Lead Generation,Localseo/Gmb,Google My Business,2026-01-27,2026-09-06,13032.0,Lead Generation
CMP00657,CL0277,Content Marketing - Sales / Conversions,Contentmarketing,Unknown,2025-02-23,2026-04-07,28110.0,Sales / Conversions
CMP00658,CL9999,Local SEO / GMB - Brand Awareness,Localseo/Gmb,Google My Business,2026-03-03,2026-09-06,28730.0,Brand Awareness
CMP00659,CL0268,Email Marketing - Website Traffic,Emailmarketing,Email,2025-05-30,2026-07-14,15114.0,Website Traffic
CMP00660,CL0025,Social Media Marketing - Website Traffic,Socialmediamarketing,LinkedIn Ads,2026-06-11,2026-09-06,65792.0,Website Traffic
CMP00661,CL0029,Local SEO / GMB - Sales / Conversions,Localseo/Gmb,Unknown,2024-12-07,2026-07-03,29654.0,Sales / Conversions
CMP00662,CL0097,PPC - Local Footfall,Payperclick,Google Ads,2024-09-20,2025-10-23,99769.0,Local Footfall
CMP00663,CL0008,SEO - Website Traffic,Seo,Organic Search (Google),2025-01-01,2026-12-08,25049.0,Website Traffic
CMP00664,CL0285,SEO - Sales / Conversions,Seo,Organic Search (Google),2024-12-13,2026-08-06,32931.0,Sales / Conversions
CMP00665,CL0019,SEO - Lead Generation,Seo,Organic Search (Google),2025-01-03,2026-07-21,36958.0,Lead Generation
CMP00666,CL0175,SEO - Brand Awareness,Seo,Organic Search (Google),2025-10-23,2026-09-06,36365.0,Brand Awareness
CMP00667,CL0274,PPC - Local Footfall,Payperclick,Bing Ads,2025-12-14,2026-09-06,39436.0,Local Footfall
CMP00668,CL0236,Social Media Marketing - Sales / Conversions,Socialmediamarketing,LinkedIn Ads,2025-09-09,2026-08-26,23996.0,Sales / Conversions
CMP00669,CL0076,Content Marketing - Local Footfall,Contentmarketing,YouTube,2024-12-12,2026-07-05,23999.0,Local Footfall
CMP00670,CL0151,Social Media Marketing - Website Traffic,Socialmediamarketing,LinkedIn Ads,2026-06-22,2026-09-06,92712.0,Website Traffic
CMP00671,CL0176,SEO - Website Traffic,Seo,Organic Search (Google),2025-05-06,2026-03-24,47278.0,Website Traffic
CMP00672,CL0246,Content Marketing - Sales / Conversions,Contentmarketing,Organic Search (Google),2026-06-06,2026-09-06,43668.0,Sales / Conversions
CMP00673,CL0137,PPC - Website Traffic,Payperclick,Google Ads,2026-05-21,2026-09-06,42680.0,Website Traffic
CMP00674,CL0092,SEO - Lead Generation,Seo,Organic Search (Google),2025-02-17,2026-09-06,33642.0,Lead Generation
CMP00675,CL0255,PPC - Lead Generation,Payperclick,Google Ads,2025-05-29,2026-09-06,95575.0,Lead Generation
CMP00676,CL0284,PPC - Sales / Conversions,Payperclick,Google Ads,2025-02-20,2026-09-06,76461.0,Sales / Conversions
CMP00677,CL0157,PPC - Website Traffic,Payperclick,Bing Ads,2024-10-26,2025-10-24,74171.0,Website Traffic
CMP00678,CL0009,Content Marketing - Website Traffic,Contentmarketing,LinkedIn,2025-06-23,2026-09-06,24391.0,Website Traffic
CMP00679,CL0161,Content Marketing - Sales / Conversions,Contentmarketing,YouTube,2026-06-20,2026-09-06,12063.0,Sales / Conversions
CMP00680,CL0285,Social Media Marketing - Brand Awareness,Socialmediamarketing,LinkedIn Ads,2024-11-26,2025-12-15,87863.0,Brand Awareness
CMP00681,CL0317,SEO - App Installs,Seo,Organic Search (Google),2026-01-27,2026-09-06,56988.0,App Installs
CMP00682,CL0129,Content Marketing - Website Traffic,Contentmarketing,YouTube,2024-09-24,2025-07-07,13233.0,Website Traffic
CMP00683,CL0049,Social Media Marketing - Lead Generation,Socialmediamarketing,Instagram,2026-07-08,2026-09-06,55990.5,Lead Generation
CMP00684,CL0184,SEO - Sales / Conversions,Seo,Organic Search (Google),2025-11-29,2026-09-06,38302.0,Sales / Conversions
CMP00685,CL0266,Social Media Marketing - App Installs,Socialmediamarketing,Instagram,2025-08-07,2026-06-06,81633.0,App Installs
CMP00686,CL0303,Social Media Marketing - App Installs,Socialmediamarketing,LinkedIn Ads,2025-03-15,2026-05-16,98873.0,App Installs
CMP00687,CL0017,PPC - Brand Awareness,Payperclick,Bing Ads,2025-11-21,2026-09-06,74120.0,Brand Awareness
CMP00688,CL0093,SEO - Local Footfall,Seo,Organic Search (Google),2025-06-19,2026-06-18,48701.0,Local Footfall
CMP00689,CL0153,Social Media Marketing - Website Traffic,Socialmediamarketing,Instagram,2025-01-10,2026-09-06,94675.0,Website Traffic
CMP00690,CL0032,SEO - Sales / Conversions,Seo,Organic Search (Google),2025-06-02,2026-08-29,52363.0,Sales / Conversions
CMP00691,CL0284,SEO - Website Traffic,Seo,Organic Search (Google),2025-06-04,2026-07-15,28071.0,Website Traffic
CMP00692,CL0036,SEO - Local Footfall,Seo,Organic Search (Google),2025-12-05,2026-09-06,51787.0,Local Footfall
CMP00693,CL0213,Local SEO / GMB - Brand Awareness,Localseo/Gmb,Organic Search (Google),2025-09-22,2026-09-06,17069.0,Brand Awareness
CMP00694,CL0000,PPC - Lead Generation,Payperclick,Google Ads,2026-03-15,2026-09-06,22277.0,Lead Generation
CMP00695,CL0220,PPC - Sales / Conversions,Payperclick,Google Ads,2025-05-19,2026-09-06,118652.0,Sales / Conversions
CMP00696,CL0245,PPC - Lead Generation,Payperclick,Google Ads,2025-10-22,2026-09-06,128602.0,Lead Generation
CMP00697,CL0085,Email Marketing - Local Footfall,Emailmarketing,Email,2025-11-20,2026-09-06,11873.0,Local Footfall
CMP00698,CL0265,Social Media Marketing - Local Footfall,Socialmediamarketing,Meta Ads,2025-05-14,2026-07-29,53329.0,Local Footfall
CMP00699,CL0134,Email Marketing - Website Traffic,Emailmarketing,Email,2024-10-27,2026-04-26,12287.0,Website Traffic
CMP00700,CL0020,PPC - Local Footfall,Payperclick,Google Ads,2025-07-16,2026-08-27,81442.0,Local Footfall
CMP00701,CL0118,SEO - Lead Generation,Seo,Organic Search (Google),2025-03-08,2026-02-06,59767.0,Lead Generation
CMP00702,CL0112,Social Media Marketing - Website Traffic,Socialmediamarketing,LinkedIn Ads,2026-04-06,2026-09-06,16922.0,Website Traffic
CMP00703,CL0167,PPC - Sales / Conversions,Payperclick,Bing Ads,2025-08-03,2026-08-26,92229.0,Sales / Conversions
CMP00704,CL0085,Content Marketing - Brand Awareness,Contentmarketing,LinkedIn,2025-11-20,2026-09-06,10597.0,Brand Awareness
CMP00705,CL0148,Email Marketing - Brand Awareness,Emailmarketing,Email,2025-10-04,2026-09-06,18787.0,Brand Awareness
CMP00706,CL0137,Social Media Marketing - Website Traffic,Socialmediamarketing,Meta Ads,2026-05-21,2026-09-06,91572.0,Website Traffic
CMP00707,CL0105,Local SEO / GMB - Website Traffic,Localseo/Gmb,Unknown,2026-06-07,2026-09-06,22156.0,Website Traffic
CMP00708,CL0223,Social Media Marketing - Lead Generation,Socialmediamarketing,YouTube Ads,2025-05-02,2026-09-06,55990.5,Lead Generation
CMP00709,CL0098,PPC - Website Traffic,Payperclick,Google Ads,2025-12-06,2026-09-06,127630.0,Website Traffic
CMP00710,CL0246,Social Media Marketing - Local Footfall,Socialmediamarketing,Instagram,2026-06-06,2026-09-06,97809.0,Local Footfall
CMP00711,CL0081,SEO - Lead Generation,Seo,Organic Search (Google),2026-05-10,2026-09-06,53782.0,Lead Generation
CMP00712,CL0277,Content Marketing - Local Footfall,Contentmarketing,YouTube,2024-09-08,2025-07-06,19256.0,Local Footfall
CMP00713,CL0117,SEO - Website Traffic,Seo,Organic Search (Google),2024-09-23,2025-10-08,40346.0,Website Traffic
CMP00714,CL0014,PPC - Sales / Conversions,Payperclick,Bing Ads,2025-10-12,2026-09-06,126445.0,Sales / Conversions
CMP00715,CL0048,Social Media Marketing - App Installs,Socialmediamarketing,YouTube Ads,2024-09-06,2026-09-05,40037.0,App Installs
CMP00716,CL0259,SEO - Website Traffic,Seo,Organic Search (Google),2025-08-17,2026-05-05,45383.0,Website Traffic
CMP00717,CL0280,SEO - App Installs,Seo,Unknown,2026-02-14,2026-09-06,16026.0,App Installs
CMP00718,CL0068,Social Media Marketing - Lead Generation,Socialmediamarketing,LinkedIn Ads,2025-09-05,2026-09-06,89573.0,Lead Generation
CMP00719,CL0193,SEO - Lead Generation,Seo,Unknown,2025-10-12,2026-08-01,42648.0,Lead Generation
CMP00720,CL0184,Social Media Marketing - Website Traffic,Socialmediamarketing,LinkedIn Ads,2025-11-29,2026-09-06,78164.0,Website Traffic
CMP00721,CL0043,PPC - Brand Awareness,Payperclick,Bing Ads,2025-09-13,2026-05-30,127310.0,Brand Awareness
CMP00722,CL0145,PPC - Brand Awareness,Payperclick,Google Ads,2026-02-12,2026-09-06,48441.0,Brand Awareness
CMP00723,CL0223,SEO - Sales / Conversions,Seo,Organic Search (Google),2025-05-02,2026-09-06,35274.0,Sales / Conversions
CMP00724,CL0310,Content Marketing - App Installs,Contentmarketing,YouTube,2026-03-09,2026-09-06,44345.0,App Installs
CMP00725,CL0272,Local SEO / GMB - Brand Awareness,Localseo/Gmb,Unknown,2024-11-01,2026-07-22,11623.0,Brand Awareness
CMP00726,CL0032,SEO - Local Footfall,Seo,Organic Search (Google),2024-11-07,2025-07-18,52010.0,Local Footfall
CMP00727,CL0077,Local SEO / GMB - Sales / Conversions,Localseo/Gmb,Organic Search (Google),2025-07-03,2026-09-06,14337.0,Sales / Conversions
CMP00728,CL0140,Social Media Marketing - Lead Generation,Socialmediamarketing,YouTube Ads,2025-10-11,2026-09-06,63918.0,Lead Generation
CMP00729,CL0049,Social Media Marketing - Lead Generation,Socialmediamarketing,LinkedIn Ads,2026-07-08,2026-09-06,58349.0,Lead Generation
CMP00730,CL0183,Social Media Marketing - Local Footfall,Socialmediamarketing,Instagram,2025-05-07,2026-07-29,73351.0,Local Footfall
CMP00731,CL0003,Social Media Marketing - Lead Generation,Socialmediamarketing,LinkedIn Ads,2025-06-04,2026-05-10,86117.0,Lead Generation
CMP00732,CL0037,Content Marketing - Sales / Conversions,Contentmarketing,YouTube,2025-06-23,2026-09-06,23959.0,Sales / Conversions
CMP00733,CL0016,Social Media Marketing - App Installs,Socialmediamarketing,LinkedIn Ads,2025-01-19,2025-11-24,29599.0,App Installs
CMP00734,CL0095,Social Media Marketing - Website Traffic,Socialmediamarketing,LinkedIn Ads,2025-02-17,2026-09-06,50940.0,Website Traffic
CMP00735,CL0244,PPC - Brand Awareness,Payperclick,Google Ads,2026-01-23,2026-09-06,99579.0,Brand Awareness
CMP00736,CL0057,SEO - Lead Generation,Seo,Organic Search (Google),2026-07-06,2026-09-06,48769.0,Lead Generation
CMP00737,CL0316,Social Media Marketing - App Installs,Socialmediamarketing,Meta Ads,2025-03-29,2026-08-09,79036.0,App Installs
CMP00738,CL0087,SEO - Sales / Conversions,Seo,Organic Search (Google),2025-05-08,2026-09-06,30298.0,Sales / Conversions
CMP00739,CL0015,PPC - Lead Generation,Payperclick,Google Ads,2024-09-07,2026-08-26,141686.0,Lead Generation
CMP00740,CL0108,SEO - Brand Awareness,Seo,Organic Search (Google),2024-09-28,2026-03-16,37669.0,Brand Awareness
CMP00741,CL0240,SEO - Website Traffic,Seo,Organic Search (Google),2025-02-23,2026-02-18,20251.0,Website Traffic
CMP00742,CL0035,Social Media Marketing - Brand Awareness,Socialmediamarketing,LinkedIn Ads,2024-11-18,2026-06-01,17105.0,Brand Awareness
CMP00743,CL0023,Social Media Marketing - Sales / Conversions,Socialmediamarketing,Instagram,2024-09-25,2026-07-22,93743.0,Sales / Conversions
CMP00744,CL0272,PPC - Lead Generation,Payperclick,Bing Ads,2025-01-29,2026-07-29,43415.0,Lead Generation
CMP00745,CL0190,SEO - App Installs,Seo,Organic Search (Google),2025-08-10,2026-09-06,37669.0,App Installs
CMP00746,CL0110,PPC - Website Traffic,Payperclick,Google Ads,2025-06-25,2026-06-27,125683.0,Website Traffic
CMP00747,CL0242,PPC - App Installs,Payperclick,Bing Ads,2025-08-03,2026-05-20,81442.0,App Installs
CMP00748,CL0271,Content Marketing - Lead Generation,Contentmarketing,YouTube,2025-12-27,2026-09-06,32319.0,Lead Generation
CMP00749,CL0115,Social Media Marketing - Sales / Conversions,Socialmediamarketing,YouTube Ads,2026-07-08,2026-09-06,19570.0,Sales / Conversions
CMP00750,CL0180,Social Media Marketing - Brand Awareness,Socialmediamarketing,Instagram,2026-01-14,2026-09-06,49601.0,Brand Awareness
CMP00751,CL0004,Social Media Marketing - Website Traffic,Socialmediamarketing,Instagram,2024-10-05,2026-09-01,58022.0,Website Traffic
CMP00752,CL0098,Local SEO / GMB - App Installs,Localseo/Gmb,Unknown,2025-12-06,2026-09-06,23315.0,App Installs
CMP00753,CL0191,Content Marketing - Brand Awareness,Contentmarketing,Organic Search (Google),2025-05-21,2026-09-06,34905.0,Brand Awareness
CMP00754,CL0064,Social Media Marketing - App Installs,Socialmediamarketing,Meta Ads,2025-10-01,2026-06-22,62595.0,App Installs
CMP00755,CL0318,Social Media Marketing - Website Traffic,Socialmediamarketing,Instagram,2025-11-03,2026-08-02,55990.5,Website Traffic
CMP00756,CL0311,SEO - App Installs,Seo,Organic Search (Google),2025-11-20,2026-09-06,19791.0,App Installs
CMP00757,CL0083,Local SEO / GMB - Lead Generation,Localseo/Gmb,Organic Search (Google),2026-07-08,2026-09-06,17496.0,Lead Generation
CMP00758,CL0127,PPC - Local Footfall,Payperclick,Google Ads,2024-09-24,2026-07-10,53755.0,Local Footfall
CMP00759,CL0061,PPC - Sales / Conversions,Payperclick,Google Ads,2026-04-12,2026-09-06,92058.0,Sales / Conversions
CMP00760,CL0162,Local SEO / GMB - Brand Awareness,Localseo/Gmb,Organic Search (Google),2026-03-27,2026-09-06,25536.0,Brand Awareness
CMP00761,CL0040,Social Media Marketing - Brand Awareness,Socialmediamarketing,LinkedIn Ads,2026-04-15,2026-09-06,61966.0,Brand Awareness
CMP00762,CL0126,SEO - Local Footfall,Seo,Organic Search (Google),2025-07-18,2026-09-06,41236.0,Local Footfall
CMP00763,CL0178,SEO - Local Footfall,Seo,Organic Search (Google),2026-02-19,2026-09-06,16883.0,Local Footfall
CMP00764,CL0196,SEO - Lead Generation,Seo,Organic Search (Google),2026-06-12,2026-09-06,44009.0,Lead Generation
CMP00765,CL0191,Social Media Marketing - Sales / Conversions,Socialmediamarketing,Instagram,2025-05-21,2026-06-09,52355.0,Sales / Conversions
CMP00766,CL0071,SEO - App Installs,Seo,Organic Search (Google),2026-06-18,2026-09-06,20566.0,App Installs
CMP00767,CL0254,Local SEO / GMB - Website Traffic,Localseo/Gmb,Google My Business,2025-01-29,2026-09-06,12703.0,Website Traffic
CMP00768,CL0222,Local SEO / GMB - Brand Awareness,Localseo/Gmb,Google My Business,2025-02-12,2026-06-08,25176.0,Brand Awareness
CMP00769,CL0241,Social Media Marketing - Sales / Conversions,Socialmediamarketing,Instagram,2025-01-22,2026-05-29,92919.0,Sales / Conversions
CMP00770,CL0150,Social Media Marketing - Sales / Conversions,Socialmediamarketing,YouTube Ads,2025-09-11,2026-07-01,58156.0,Sales / Conversions
CMP00771,CL0286,PPC - Brand Awareness,Payperclick,Google Ads,2025-01-14,2026-08-07,146955.0,Brand Awareness
CMP00772,CL0125,SEO - Local Footfall,Seo,Organic Search (Google),2024-10-29,2026-08-26,23101.0,Local Footfall
CMP00773,CL0258,Content Marketing - Brand Awareness,Contentmarketing,LinkedIn,2025-05-31,2026-04-14,21985.0,Brand Awareness
CMP00774,CL0066,SEO - App Installs,Seo,Organic Search (Google),2025-06-13,2026-08-13,56852.0,App Installs
CMP00775,CL0080,SEO - Local Footfall,Seo,Organic Search (Google),2026-07-07,2026-09-06,22883.0,Local Footfall
CMP00776,CL0169,PPC - App Installs,Payperclick,Bing Ads,2024-09-17,2025-08-23,105719.0,App Installs
CMP00777,CL0178,SEO - App Installs,Seo,Organic Search (Google),2026-02-19,2026-09-06,24877.0,App Installs
CMP00778,CL0239,PPC - Lead Generation,Payperclick,Google Ads,2025-09-16,2026-09-06,63053.0,Lead Generation
CMP00779,CL0096,Social Media Marketing - Lead Generation,Socialmediamarketing,Instagram,2024-11-20,2026-06-21,55608.0,Lead Generation
CMP00780,CL0280,Content Marketing - App Installs,Contentmarketing,Organic Search (Google),2026-02-14,2026-09-06,24399.0,App Installs
CMP00781,CL0106,Social Media Marketing - App Installs,Socialmediamarketing,YouTube Ads,2026-03-14,2026-09-06,89332.0,App Installs
CMP00782,CL0171,Email Marketing - App Installs,Emailmarketing,Email,2025-01-20,2026-06-06,24455.0,App Installs
CMP00783,CL0299,PPC - Sales / Conversions,Payperclick,Bing Ads,2025-05-04,2026-09-06,85004.0,Sales / Conversions
CMP00784,CL0173,Email Marketing - Website Traffic,Emailmarketing,Email,2025-10-05,2026-09-06,15504.0,Website Traffic
CMP00785,CL0219,Social Media Marketing - Lead Generation,Socialmediamarketing,Instagram,2025-06-02,2026-05-17,55990.5,Lead Generation
CMP00786,CL0291,PPC - Brand Awareness,Payperclick,Google Ads,2026-01-08,2026-09-06,50446.0,Brand Awareness
CMP00787,CL0312,Local SEO / GMB - Website Traffic,Localseo/Gmb,Organic Search (Google),2024-11-05,2026-06-27,8877.0,Website Traffic
CMP00788,CL0160,PPC - Lead Generation,Payperclick,Google Ads,2025-09-07,2026-09-06,131364.0,Lead Generation
CMP00789,CL0134,SEO - Lead Generation,Seo,Unknown,2024-10-02,2025-09-22,25232.0,Lead Generation
CMP00790,CL0064,PPC - Lead Generation,Payperclick,Google Ads,2025-06-28,2026-09-06,64282.0,Lead Generation
CMP00791,CL0172,PPC - Brand Awareness,Payperclick,Google Ads,2024-10-11,2026-05-12,81442.0,Brand Awareness
CMP00792,CL0294,PPC - Local Footfall,Payperclick,Bing Ads,2026-03-15,2026-09-06,112727.0,Local Footfall
CMP00793,CL0156,Social Media Marketing - App Installs,Socialmediamarketing,LinkedIn Ads,2025-05-11,2026-08-31,67825.0,App Installs
CMP00794,CL0112,Email Marketing - Local Footfall,Emailmarketing,Email,2026-04-06,2026-09-06,5769.0,Local Footfall
CMP00795,CL0035,PPC - Brand Awareness,Payperclick,Google Ads,2024-10-31,2025-11-05,93184.0,Brand Awareness
CMP00796,CL0125,Social Media Marketing - Website Traffic,Socialmediamarketing,Meta Ads,2024-12-24,2026-08-24,62675.0,Website Traffic
CMP00797,CL0076,PPC - Local Footfall,Payperclick,Google Ads,2024-12-12,2026-08-24,61466.0,Local Footfall
CMP00798,CL0313,Content Marketing - Sales / Conversions,Contentmarketing,LinkedIn,2024-10-28,2026-06-18,39797.0,Sales / Conversions
CMP00799,CL0169,SEO - Website Traffic,Seo,Organic Search (Google),2025-02-25,2025-11-13,56824.0,Website Traffic
CMP00800,CL0044,SEO - App Installs,Seo,Organic Search (Google),2026-02-05,2026-09-06,26656.0,App Installs
CMP00801,CL0022,Social Media Marketing - App Installs,Socialmediamarketing,Meta Ads,2025-02-22,2026-09-06,43150.0,App Installs
CMP00802,CL0273,Social Media Marketing - Local Footfall,Socialmediamarketing,Meta Ads,2026-05-06,2026-09-06,42398.0,Local Footfall
CMP00803,CL0299,Content Marketing - Website Traffic,Contentmarketing,Organic Search (Google),2025-05-05,2026-05-06,43397.0,Website Traffic
CMP00804,CL0245,Social Media Marketing - Website Traffic,Socialmediamarketing,YouTube Ads,2025-10-22,2026-09-06,21610.0,Website Traffic
CMP00805,CL0040,Content Marketing - Local Footfall,Contentmarketing,Organic Search (Google),2026-04-15,2026-09-06,45836.0,Local Footfall
CMP00806,CL0032,PPC - App Installs,Payperclick,Bing Ads,2024-09-14,2026-06-17,120754.0,App Installs
CMP00807,CL0064,SEO - Sales / Conversions,Seo,Organic Search (Google),2025-08-28,2026-07-21,36750.0,Sales / Conversions
CMP00808,CL0241,SEO - Website Traffic,Seo,Organic Search (Google),2025-02-16,2026-09-06,41258.0,Website Traffic
CMP00809,CL0245,SEO - Website Traffic,Seo,Organic Search (Google),2025-10-22,2026-09-06,55243.0,Website Traffic
CMP00810,CL0269,PPC - Brand Awareness,Payperclick,Bing Ads,2025-09-12,2026-08-29,120078.0,Brand Awareness
CMP00811,CL0032,Social Media Marketing - Website Traffic,Socialmediamarketing,LinkedIn Ads,2024-12-13,2026-06-20,38528.0,Website Traffic
CMP00812,CL0050,PPC - Website Traffic,Payperclick,Google Ads,2024-11-19,2026-09-06,26552.0,Website Traffic
CMP00813,CL0289,Social Media Marketing - Local Footfall,Socialmediamarketing,Meta Ads,2026-04-25,2026-09-06,70966.0,Local Footfall
CMP00814,CL0298,Social Media Marketing - Website Traffic,Socialmediamarketing,Meta Ads,2026-02-01,2026-09-06,27393.0,Website Traffic
CMP00815,CL0233,Social Media Marketing - Lead Generation,Socialmediamarketing,Meta Ads,2025-04-02,2026-05-02,22476.0,Lead Generation
CMP00816,CL0034,Social Media Marketing - Local Footfall,Socialmediamarketing,YouTube Ads,2026-06-12,2026-09-06,98495.0,Local Footfall
CMP00817,CL0022,PPC - Website Traffic,Payperclick,Google Ads,2025-02-15,2026-09-06,81611.0,Website Traffic
CMP00818,CL0018,PPC - Brand Awareness,Payperclick,Google Ads,2025-09-13,2026-08-07,104610.0,Brand Awareness
CMP00819,CL0222,Social Media Marketing - App Installs,Socialmediamarketing,YouTube Ads,2025-02-25,2026-04-26,33473.0,App Installs
CMP00820,CL0271,Social Media Marketing - Sales / Conversions,Socialmediamarketing,Instagram,2025-12-27,2026-09-06,23644.0,Sales / Conversions
CMP00821,CL0203,PPC - Sales / Conversions,Payperclick,Google Ads,2025-05-04,2026-09-06,28159.0,Sales / Conversions
CMP00822,CL0084,PPC - Local Footfall,Payperclick,Bing Ads,2025-05-25,2026-05-01,66067.0,Local Footfall
CMP00823,CL0243,Social Media Marketing - Local Footfall,Socialmediamarketing,LinkedIn Ads,2025-10-14,2026-09-06,15316.0,Local Footfall
CMP00824,CL0019,Social Media Marketing - Website Traffic,Socialmediamarketing,YouTube Ads,2024-11-30,2026-09-06,50704.0,Website Traffic
CMP00825,CL0266,SEO - Sales / Conversions,Seo,Organic Search (Google),2025-10-06,2026-07-21,29613.0,Sales / Conversions
CMP00826,CL0286,PPC - Local Footfall,Payperclick,Google Ads,2025-03-14,2026-07-12,88488.0,Local Footfall
CMP00827,CL0230,Email Marketing - Brand Awareness,Emailmarketing,Email,2025-12-27,2026-09-06,16790.0,Brand Awareness
CMP00828,CL0282,SEO - App Installs,Seo,Organic Search (Google),2025-01-10,2026-08-10,28879.0,App Installs
CMP00829,CL0188,Email Marketing - Website Traffic,Emailmarketing,Email,2026-03-03,2026-09-06,14104.0,Website Traffic
CMP00830,CL0150,SEO - Local Footfall,Seo,Organic Search (Google),2025-09-10,2026-09-06,18514.0,Local Footfall
CMP00831,CL0104,Social Media Marketing - Sales / Conversions,Socialmediamarketing,LinkedIn Ads,2024-09-28,2026-09-03,40650.0,Sales / Conversions
CMP00832,CL0295,PPC - App Installs,Payperclick,Bing Ads,2025-01-04,2026-09-04,147164.0,App Installs
CMP00833,CL0224,SEO - Lead Generation,Seo,Organic Search (Google),2025-12-01,2026-09-06,59604.0,Lead Generation
CMP00834,CL0061,Email Marketing - App Installs,Emailmarketing,Email,2026-04-12,2026-09-06,14716.0,App Installs
CMP00835,CL0307,PPC - Lead Generation,Payperclick,Google Ads,2025-02-22,2026-07-17,142138.0,Lead Generation
CMP00836,CL0019,Local SEO / GMB - Website Traffic,Localseo/Gmb,Google My Business,2025-06-01,2026-03-12,19028.0,Website Traffic
CMP00837,CL0189,PPC - Brand Awareness,Payperclick,Bing Ads,2025-05-16,2026-08-13,36334.0,Brand Awareness
CMP00838,CL0061,Email Marketing - Local Footfall,Emailmarketing,Email,2026-04-12,2026-09-06,22358.0,Local Footfall
CMP00839,CL0213,Local SEO / GMB - App Installs,Localseo/Gmb,Google My Business,2025-09-22,2026-09-06,17132.0,App Installs
CMP00840,CL0133,Social Media Marketing - Lead Generation,Socialmediamarketing,Meta Ads,2025-08-19,2026-07-23,67056.0,Lead Generation
CMP00841,CL0140,SEO - Local Footfall,Seo,Organic Search (Google),2025-10-11,2026-09-06,44198.0,Local Footfall
CMP00842,CL0215,Social Media Marketing - Brand Awareness,Socialmediamarketing,LinkedIn Ads,2025-07-23,2026-07-21,55990.5,Brand Awareness
CMP00843,CL0242,Social Media Marketing - Website Traffic,Socialmediamarketing,Unknown,2025-05-05,2026-09-05,77346.0,Website Traffic
CMP00844,CL0122,Local SEO / GMB - Lead Generation,Localseo/Gmb,Google My Business,2026-04-15,2026-09-06,19028.0,Lead Generation
CMP00845,CL0320,PPC - Lead Generation,Payperclick,Bing Ads,2024-12-09,2025-09-01,67628.0,Lead Generation
CMP00846,CL0160,PPC - Brand Awareness,Payperclick,Bing Ads,2025-09-07,2026-09-06,58728.0,Brand Awareness
CMP00847,CL0052,SEO - Website Traffic,Seo,Organic Search (Google),2026-02-04,2026-09-06,48582.0,Website Traffic
CMP00848,CL0003,Social Media Marketing - Website Traffic,Socialmediamarketing,YouTube Ads,2025-10-24,2026-09-02,36193.0,Website Traffic
CMP00849,CL0065,Local SEO / GMB - Local Footfall,Localseo/Gmb,Google My Business,2026-03-10,2026-09-06,19020.5,Local Footfall
CMP00850,CL0222,SEO - Lead Generation,Seo,Organic Search (Google),2024-12-26,2026-03-30,54678.0,Lead Generation
CMP00851,CL0173,Content Marketing - App Installs,Contentmarketing,Organic Search (Google),2025-10-05,2026-09-06,23272.0,App Installs
CMP00852,CL0109,Local SEO / GMB - Lead Generation,Localseo/Gmb,Organic Search (Google),2024-09-19,2026-08-10,22102.0,Lead Generation
CMP00853,CL0155,SEO - Brand Awareness,Seo,Organic Search (Google),2025-03-13,2025-11-24,47239.0,Brand Awareness
CMP00854,CL0269,SEO - Brand Awareness,Seo,Organic Search (Google),2025-09-12,2026-09-06,52725.0,Brand Awareness
CMP00855,CL0183,Social Media Marketing - Lead Generation,Socialmediamarketing,Meta Ads,2024-11-06,2026-05-09,68183.0,Lead Generation
CMP00856,CL0019,Social Media Marketing - Website Traffic,Socialmediamarketing,YouTube Ads,2024-11-30,2026-09-06,75175.0,Website Traffic
CMP00857,CL0016,SEO - Local Footfall,Seo,Unknown,2025-02-22,2026-09-04,52674.0,Local Footfall
CMP00858,CL0155,Content Marketing - App Installs,Contentmarketing,YouTube,2025-03-23,2026-05-23,47734.0,App Installs
CMP00859,CL0130,Social Media Marketing - Local Footfall,Socialmediamarketing,Instagram,2026-06-08,2026-09-06,18982.0,Local Footfall
CMP00860,CL0273,Email Marketing - Website Traffic,Emailmarketing,Email,2026-05-06,2026-09-06,19865.0,Website Traffic
CMP00861,CL0187,Email Marketing - Lead Generation,Emailmarketing,Email,2024-10-15,2026-06-15,8487.0,Lead Generation
CMP00862,CL0243,Content Marketing - Sales / Conversions,Contentmarketing,Unknown,2025-10-14,2026-09-06,45651.0,Sales / Conversions
CMP00863,CL0188,Social Media Marketing - App Installs,Socialmediamarketing,LinkedIn Ads,2026-03-03,2026-09-06,19122.0,App Installs
CMP00864,CL9999,PPC - Lead Generation,Payperclick,Bing Ads,2024-09-17,2026-07-29,52080.0,Lead Generation
CMP00865,CL0211,Social Media Marketing - Lead Generation,Socialmediamarketing,YouTube Ads,2024-10-08,2026-05-26,31329.0,Lead Generation
CMP00866,CL0199,SEO - Local Footfall,Seo,Organic Search (Google),2026-07-08,2026-09-06,42153.0,Local Footfall
CMP00867,CL0231,Social Media Marketing - Lead Generation,Socialmediamarketing,Unknown,2026-01-26,2026-09-06,15364.0,Lead Generation
CMP00868,CL0061,SEO - Local Footfall,Seo,Organic Search (Google),2026-04-12,2026-09-06,15766.0,Local Footfall
CMP00869,CL0206,Social Media Marketing - App Installs,Socialmediamarketing,YouTube Ads,2026-07-08,2026-09-06,57857.0,App Installs
CMP00870,CL0092,SEO - Website Traffic,Seo,Organic Search (Google),2025-01-13,2026-04-15,58724.0,Website Traffic
CMP00871,CL0253,PPC - Website Traffic,Payperclick,Bing Ads,2026-02-22,2026-09-06,88680.0,Website Traffic
CMP00872,CL0256,PPC - Lead Generation,Payperclick,Bing Ads,2024-12-28,2026-07-25,77970.0,Lead Generation
CMP00873,CL0200,Social Media Marketing - Sales / Conversions,Socialmediamarketing,Instagram,2025-04-02,2026-07-20,70920.0,Sales / Conversions
CMP00874,CL0303,Content Marketing - App Installs,Contentmarketing,Organic Search (Google),2025-03-31,2026-05-10,32072.0,App Installs
CMP00875,CL0173,SEO - Local Footfall,Seo,Organic Search (Google),2025-10-05,2026-09-06,32321.0,Local Footfall
CMP00876,CL0009,Email Marketing - Sales / Conversions,Emailmarketing,Email,2025-06-23,2026-06-09,16770.0,Sales / Conversions
CMP00877,CL0194,Email Marketing - Local Footfall,Emailmarketing,Email,2025-03-23,2026-02-01,5064.0,Local Footfall
CMP00878,CL0249,PPC - App Installs,Payperclick,Google Ads,2025-03-10,2026-08-06,51783.0,App Installs
CMP00879,CL0033,Social Media Marketing - Lead Generation,Socialmediamarketing,YouTube Ads,2026-03-14,2026-09-06,72280.0,Lead Generation
CMP00880,CL0034,PPC - Website Traffic,Payperclick,Google Ads,2026-06-12,2026-09-06,64401.0,Website Traffic
CMP00881,CL0088,SEO - Website Traffic,Seo,Organic Search (Google),2025-04-18,2026-08-27,37669.0,Website Traffic
CMP00882,CL0271,Social Media Marketing - Website Traffic,Socialmediamarketing,LinkedIn Ads,2025-12-27,2026-09-06,25577.0,Website Traffic
CMP00883,CL0169,SEO - App Installs,Seo,Organic Search (Google),2025-02-12,2026-08-27,53977.0,App Installs
CMP00884,CL0313,Email Marketing - Local Footfall,Emailmarketing,Email,2024-11-20,2026-07-25,11591.0,Local Footfall
CMP00885,CL0280,Local SEO / GMB - Website Traffic,Localseo/Gmb,Google My Business,2026-02-14,2026-09-06,8498.0,Website Traffic
CMP00886,CL0178,Content Marketing - Brand Awareness,Contentmarketing,YouTube,2026-02-19,2026-09-06,39152.0,Brand Awareness
CMP00887,CL0218,Social Media Marketing - Local Footfall,Socialmediamarketing,Meta Ads,2024-10-02,2026-02-07,60090.0,Local Footfall
CMP00888,CL0106,Social Media Marketing - Local Footfall,Socialmediamarketing,LinkedIn Ads,2026-03-14,2026-09-06,53367.0,Local Footfall
CMP00889,CL0029,Local SEO / GMB - App Installs,Localseo/Gmb,Organic Search (Google),2024-10-26,2026-04-28,27688.0,App Installs
CMP00890,CL0128,PPC - Website Traffic,Payperclick,Bing Ads,2025-01-16,2026-09-06,60784.0,Website Traffic
CMP00891,CL0190,SEO - Lead Generation,Seo,Organic Search (Google),2025-08-10,2026-09-06,40762.0,Lead Generation
CMP00892,CL0059,Social Media Marketing - Sales / Conversions,Socialmediamarketing,LinkedIn Ads,2025-02-06,2026-03-22,78316.0,Sales / Conversions
CMP00893,CL0071,PPC - Brand Awareness,Payperclick,Google Ads,2026-06-18,2026-09-06,99094.0,Brand Awareness
CMP00894,CL0005,PPC - Website Traffic,Payperclick,Bing Ads,2025-05-15,2026-04-15,47036.0,Website Traffic
CMP00895,CL0235,SEO - App Installs,Seo,Organic Search (Google),2025-09-22,2026-09-06,45672.0,App Installs
CMP00896,CL0288,Social Media Marketing - Brand Awareness,Socialmediamarketing,Meta Ads,2024-10-29,2025-11-14,78188.0,Brand Awareness
CMP00897,CL0265,PPC - Local Footfall,Payperclick,Google Ads,2025-02-18,2026-05-29,35913.0,Local Footfall
CMP00898,CL0122,SEO - Lead Generation,Seo,Organic Search (Google),2026-04-15,2026-09-06,22445.0,Lead Generation
CMP00899,CL0000,SEO - Lead Generation,Seo,Organic Search (Google),2025-08-10,2026-09-06,45371.0,Lead Generation
CMP00900,CL0308,PPC - Local Footfall,Payperclick,Unknown,2025-11-22,2026-09-06,35467.0,Local Footfall
CMP00901,CL0190,Email Marketing - Lead Generation,Emailmarketing,Email,2025-08-10,2026-09-06,14341.0,Lead Generation
CMP00902,CL0095,PPC - App Installs,Payperclick,Bing Ads,2025-02-22,2026-09-06,34243.0,App Installs
CMP00903,CL0109,Social Media Marketing - App Installs,Socialmediamarketing,Meta Ads,2025-09-30,2026-07-02,97808.0,App Installs
CMP00904,CL0233,Content Marketing - Brand Awareness,Contentmarketing,LinkedIn,2025-03-29,2026-05-16,36860.0,Brand Awareness
CMP00905,CL0143,PPC - Lead Generation,Payperclick,Google Ads,2024-10-01,2026-05-05,77596.0,Lead Generation
CMP00906,CL0268,Content Marketing - Brand Awareness,Contentmarketing,LinkedIn,2025-10-02,2026-09-01,20735.0,Brand Awareness
CMP00907,CL0277,Social Media Marketing - Lead Generation,Socialmediamarketing,LinkedIn Ads,2025-03-30,2026-03-21,44282.0,Lead Generation
CMP00908,CL0012,Social Media Marketing - App Installs,Socialmediamarketing,LinkedIn Ads,2025-05-22,2026-05-03,78623.0,App Installs
CMP00909,CL0232,SEO - Local Footfall,Seo,Organic Search (Google),2026-05-13,2026-09-06,48898.0,Local Footfall
CMP00910,CL0119,SEO - Local Footfall,Seo,Organic Search (Google),2025-09-09,2026-05-24,24389.0,Local Footfall
CMP00911,CL0167,Local SEO / GMB - App Installs,Localseo/Gmb,Organic Search (Google),2025-06-28,2026-09-06,19943.0,App Installs
CMP00912,CL0085,Content Marketing - App Installs,Contentmarketing,LinkedIn,2025-11-28,2026-08-23,49717.0,App Installs
CMP00913,CL9999,Local SEO / GMB - Local Footfall,Localseo/Gmb,Google My Business,2025-05-31,2026-06-16,13660.0,Local Footfall
CMP00914,CL0106,Email Marketing - App Installs,Emailmarketing,Email,2026-03-14,2026-09-06,18868.0,App Installs
CMP00915,CL0017,SEO - Website Traffic,Seo,Organic Search (Google),2025-11-21,2026-09-06,22747.0,Website Traffic
CMP00916,CL0251,Content Marketing - Local Footfall,Contentmarketing,YouTube,2025-03-19,2026-09-06,43363.0,Local Footfall
CMP00917,CL0046,PPC - Brand Awareness,Payperclick,Google Ads,2026-07-08,2026-09-06,42129.0,Brand Awareness
CMP00918,CL0121,Content Marketing - Sales / Conversions,Contentmarketing,YouTube,2026-06-11,2026-09-06,21904.0,Sales / Conversions
CMP00919,CL0062,SEO - Local Footfall,Seo,Organic Search (Google),2024-10-13,2026-06-16,35662.0,Local Footfall
CMP00920,CL0052,PPC - Brand Awareness,Payperclick,Bing Ads,2026-02-04,2026-09-06,68185.0,Brand Awareness
CMP00921,CL0120,Content Marketing - Brand Awareness,Contentmarketing,LinkedIn,2025-10-15,2026-09-06,32319.0,Brand Awareness
CMP00922,CL0295,Content Marketing - Lead Generation,Contentmarketing,Organic Search (Google),2025-07-28,2026-07-09,35639.0,Lead Generation
CMP00923,CL0303,Social Media Marketing - Brand Awareness,Socialmediamarketing,Instagram,2025-03-11,2026-08-07,16676.0,Brand Awareness
CMP00924,CL0123,PPC - Website Traffic,Payperclick,Bing Ads,2026-07-08,2026-09-06,147857.0,Website Traffic
CMP00925,CL0162,PPC - Local Footfall,Payperclick,Google Ads,2026-03-27,2026-09-06,26771.0,Local Footfall
CMP00926,CL0316,Local SEO / GMB - Lead Generation,Localseo/Gmb,Google My Business,2024-10-22,2026-05-22,15344.0,Lead Generation
CMP00927,CL0076,PPC - App Installs,Payperclick,Google Ads,2024-12-31,2026-07-23,140884.0,App Installs
CMP00928,CL0303,PPC - App Installs,Payperclick,Google Ads,2024-12-10,2026-09-01,40160.0,App Installs
CMP00929,CL0034,Social Media Marketing - Local Footfall,Socialmediamarketing,LinkedIn Ads,2026-06-12,2026-09-06,21201.0,Local Footfall
CMP00930,CL0073,PPC - App Installs,Payperclick,Bing Ads,2024-09-12,2026-07-18,81442.0,App Installs
CMP00931,CL0109,Social Media Marketing - Lead Generation,Socialmediamarketing,LinkedIn Ads,2025-11-07,2026-09-04,55990.5,Lead Generation
CMP00932,CL0012,PPC - Sales / Conversions,Payperclick,Google Ads,2025-05-05,2026-09-06,81442.0,Sales / Conversions
CMP00933,CL0262,Content Marketing - Local Footfall,Contentmarketing,YouTube,2025-08-18,2026-09-06,28047.0,Local Footfall
CMP00934,CL0274,Email Marketing - Local Footfall,Emailmarketing,Email,2025-12-14,2026-09-06,22386.0,Local Footfall
CMP00935,CL0123,Local SEO / GMB - Website Traffic,Localseo/Gmb,Organic Search (Google),2026-06-09,2026-07-08,13392.0,Website Traffic
CMP00936,CL0268,Social Media Marketing - Local Footfall,Socialmediamarketing,Instagram,2025-02-03,2026-09-06,26996.0,Local Footfall
CMP00937,CL0248,PPC - App Installs,Payperclick,Google Ads,2025-11-20,2026-09-06,145150.0,App Installs
CMP00938,CL0257,Social Media Marketing - Lead Generation,Socialmediamarketing,Meta Ads,2025-12-18,2026-09-06,79784.0,Lead Generation
CMP00939,CL0257,Content Marketing - Local Footfall,Contentmarketing,LinkedIn,2025-12-18,2026-09-06,46439.0,Local Footfall
CMP00940,CL0184,Social Media Marketing - Brand Awareness,Socialmediamarketing,YouTube Ads,2025-11-29,2026-09-06,42190.0,Brand Awareness
CMP00941,CL0036,Social Media Marketing - Sales / Conversions,Socialmediamarketing,Meta Ads,2025-12-05,2026-09-06,49403.0,Sales / Conversions
CMP00942,CL0296,Content Marketing - Brand Awareness,Contentmarketing,YouTube,2025-12-31,2026-09-06,33088.0,Brand Awareness
CMP00943,CL0195,Social Media Marketing - App Installs,Socialmediamarketing,Instagram,2025-05-31,2026-09-06,53142.0,App Installs
CMP00944,CL0289,Content Marketing - Lead Generation,Contentmarketing,LinkedIn,2026-04-25,2026-09-06,19706.0,Lead Generation
CMP00945,CL0307,SEO - Website Traffic,Seo,Organic Search (Google),2025-03-07,2026-05-27,31880.0,Website Traffic
CMP00946,CL0060,Social Media Marketing - Local Footfall,Socialmediamarketing,Meta Ads,2025-10-24,2026-09-06,66744.0,Local Footfall
CMP00947,CL0129,Social Media Marketing - App Installs,Socialmediamarketing,Meta Ads,2024-09-16,2026-08-18,18218.0,App Installs
CMP00948,CL0062,SEO - Brand Awareness,Seo,Unknown,2025-05-20,2026-08-01,30117.0,Brand Awareness
CMP00949,CL0017,Email Marketing - Local Footfall,Emailmarketing,Email,2025-11-21,2026-09-06,10856.0,Local Footfall
CMP00950,CL0310,Social Media Marketing - Sales / Conversions,Socialmediamarketing,Instagram,2026-03-09,2026-09-06,20977.0,Sales / Conversions
CMP00951,CL0296,SEO - App Installs,Seo,Organic Search (Google),2025-12-31,2026-09-06,20520.0,App Installs
CMP00952,CL0299,Content Marketing - Website Traffic,Contentmarketing,YouTube,2025-07-17,2026-06-07,29827.0,Website Traffic
CMP00953,CL0283,Social Media Marketing - Lead Generation,Socialmediamarketing,Meta Ads,2025-08-03,2026-09-04,23701.0,Lead Generation
CMP00954,CL0208,Content Marketing - Lead Generation,Contentmarketing,YouTube,2025-12-15,2026-09-06,23796.0,Lead Generation
CMP00955,CL0168,PPC - Brand Awareness,Payperclick,Bing Ads,2025-03-17,2026-09-06,92912.0,Brand Awareness
CMP00956,CL0318,Email Marketing - Local Footfall,Emailmarketing,Email,2025-08-03,2026-08-23,22476.0,Local Footfall
CMP00957,CL0177,PPC - Local Footfall,Payperclick,Bing Ads,2025-03-27,2026-09-06,32839.0,Local Footfall
CMP00958,CL0206,Social Media Marketing - Sales / Conversions,Socialmediamarketing,Meta Ads,2026-07-08,2026-09-06,51944.0,Sales / Conversions
CMP00959,CL0068,SEO - Local Footfall,Seo,Organic Search (Google),2025-09-06,2026-07-21,19631.0,Local Footfall
CMP00960,CL0239,Social Media Marketing - Lead Generation,Socialmediamarketing,Meta Ads,2025-10-07,2026-08-06,55990.5,Lead Generation
CMP00961,CL0263,Social Media Marketing - Local Footfall,Socialmediamarketing,Meta Ads,2025-12-25,2026-09-06,55843.0,Local Footfall
CMP00962,CL0218,Social Media Marketing - Brand Awareness,Socialmediamarketing,YouTube Ads,2024-09-17,2026-04-28,82937.0,Brand Awareness
CMP00963,CL0160,Social Media Marketing - Lead Generation,Socialmediamarketing,LinkedIn Ads,2025-09-07,2026-09-06,52594.0,Lead Generation
CMP00964,CL0064,Content Marketing - App Installs,Contentmarketing,YouTube,2025-06-28,2026-09-06,47420.0,App Installs
CMP00965,CL0011,Social Media Marketing - Sales / Conversions,Socialmediamarketing,YouTube Ads,2026-07-08,2026-09-06,26698.0,Sales / Conversions
CMP00966,CL0201,PPC - Brand Awareness,Payperclick,Bing Ads,2025-05-11,2026-09-06,26910.0,Brand Awareness
CMP00967,CL0219,Local SEO / GMB - App Installs,Localseo/Gmb,Google My Business,2025-04-26,2026-09-06,8097.0,App Installs
CMP00968,CL0248,Social Media Marketing - Brand Awareness,Socialmediamarketing,LinkedIn Ads,2025-11-26,2026-08-25,45323.0,Brand Awareness
CMP00969,CL0305,Local SEO / GMB - App Installs,Localseo/Gmb,Organic Search (Google),2024-12-14,2026-08-21,12245.0,App Installs
CMP00970,CL0160,Local SEO / GMB - Brand Awareness,Localseo/Gmb,Google My Business,2025-09-07,2026-09-06,10014.0,Brand Awareness
CMP00971,CL0266,Email Marketing - Lead Generation,Emailmarketing,Email,2025-02-13,2026-06-09,9717.0,Lead Generation
CMP00972,CL0230,Content Marketing - Brand Awareness,Contentmarketing,YouTube,2025-12-27,2026-09-06,48999.0,Brand Awareness
CMP00973,CL0089,Social Media Marketing - Website Traffic,Socialmediamarketing,Instagram,2025-05-20,2026-07-02,83021.0,Website Traffic
CMP00974,CL0271,SEO - Brand Awareness,Seo,Organic Search (Google),2025-12-27,2026-09-06,15835.0,Brand Awareness
CMP00975,CL0018,Social Media Marketing - Lead Generation,Socialmediamarketing,Meta Ads,2025-07-14,2026-08-05,92812.0,Lead Generation
CMP00976,CL0192,Content Marketing - App Installs,Contentmarketing,Organic Search (Google),2025-06-20,2026-09-06,18210.0,App Installs
CMP00977,CL0301,Social Media Marketing - Sales / Conversions,Socialmediamarketing,Instagram,2025-05-02,2026-07-28,49505.0,Sales / Conversions
CMP00978,CL0211,Email Marketing - Sales / Conversions,Emailmarketing,Email,2024-11-29,2026-08-13,11552.0,Sales / Conversions
CMP00979,CL0300,SEO - Brand Awareness,Seo,Unknown,2026-02-13,2026-09-06,33226.0,Brand Awareness
CMP00980,CL0018,PPC - Lead Generation,Payperclick,Unknown,2025-07-02,2026-09-06,118894.0,Lead Generation
CMP00981,CL0171,Social Media Marketing - Lead Generation,Socialmediamarketing,Instagram,2024-12-24,2026-08-16,75560.0,Lead Generation
CMP00982,CL0250,PPC - App Installs,Payperclick,Bing Ads,2025-08-19,2026-09-06,97224.0,App Installs
CMP00983,CL0206,SEO - Lead Generation,Seo,Organic Search (Google),2026-06-09,2026-07-08,43211.0,Lead Generation
CMP00984,CL0282,SEO - Brand Awareness,Seo,Organic Search (Google),2024-12-09,2026-09-02,47738.0,Brand Awareness
CMP00985,CL0149,Content Marketing - Local Footfall,Contentmarketing,YouTube,2026-04-09,2026-09-06,17365.0,Local Footfall
CMP00986,CL0219,Social Media Marketing - Sales / Conversions,Socialmediamarketing,Instagram,2025-05-17,2026-08-02,48631.0,Sales / Conversions
CMP00987,CL0135,SEO - App Installs,Seo,Organic Search (Google),2025-07-23,2026-09-06,19846.0,App Installs
CMP00988,CL0280,SEO - Sales / Conversions,Seo,Organic Search (Google),2026-02-14,2026-09-06,46687.0,Sales / Conversions
CMP00989,CL0039,Social Media Marketing - Local Footfall,Socialmediamarketing,YouTube Ads,2026-05-24,2026-09-06,52197.0,Local Footfall
CMP00990,CL0082,SEO - App Installs,Seo,Organic Search (Google),2025-03-21,2026-02-14,43677.0,App Installs
CMP00991,CL0031,Social Media Marketing - Sales / Conversions,Socialmediamarketing,Meta Ads,2025-03-17,2026-03-16,63010.0,Sales / Conversions
CMP00992,CL0225,Content Marketing - App Installs,Contentmarketing,YouTube,2024-10-17,2026-08-25,20945.0,App Installs
CMP00993,CL0075,PPC - Sales / Conversions,Payperclick,Google Ads,2026-02-08,2026-09-06,38031.0,Sales / Conversions
CMP00994,CL0102,Social Media Marketing - Local Footfall,Socialmediamarketing,YouTube Ads,2025-12-07,2026-09-06,97699.0,Local Footfall
CMP00995,CL0268,SEO - Sales / Conversions,Seo,Organic Search (Google),2025-02-02,2026-09-06,28197.0,Sales / Conversions
CMP00996,CL0116,PPC - Local Footfall,Payperclick,Google Ads,2026-02-28,2026-09-06,34243.0,Local Footfall
CMP00997,CL0047,Email Marketing - Website Traffic,Emailmarketing,Email,2024-10-15,2026-06-24,11118.0,Website Traffic
CMP00998,CL0007,Social Media Marketing - Website Traffic,Socialmediamarketing,YouTube Ads,2024-09-28,2026-08-01,55990.5,Website Traffic
CMP00999,CL0073,Email Marketing - Sales / Conversions,Emailmarketing,Email,2024-10-23,2025-11-01,10225.0,Sales / Conversions
CMP01000,CL0293,PPC - App Installs,Payperclick,Google Ads,2025-11-23,2026-09-06,148282.0,App Installs
CMP01001,CL0176,PPC - App Installs,Payperclick,Google Ads,2025-06-08,2026-07-05,79898.0,App Installs
CMP01002,CL0319,Social Media Marketing - App Installs,Socialmediamarketing,LinkedIn Ads,2025-12-28,2026-09-06,88254.0,App Installs
CMP01003,CL0069,Social Media Marketing - App Installs,Socialmediamarketing,YouTube Ads,2026-03-21,2026-09-06,70510.0,App Installs
CMP01004,CL0113,Local SEO / GMB - Lead Generation,Localseo/Gmb,Google My Business,2025-01-05,2026-04-05,8966.0,Lead Generation
CMP01005,CL0053,SEO - Local Footfall,Seo,Organic Search (Google),2024-10-05,2025-08-31,37922.0,Local Footfall
CMP01006,CL0128,Email Marketing - Local Footfall,Emailmarketing,Email,2025-04-12,2026-06-02,13338.0,Local Footfall
CMP01007,CL0181,Email Marketing - Brand Awareness,Emailmarketing,Email,2025-12-05,2026-09-06,9029.0,Brand Awareness
CMP01008,CL0259,Social Media Marketing - Local Footfall,Socialmediamarketing,Meta Ads,2025-04-26,2026-08-11,61748.0,Local Footfall
CMP01009,CL0118,PPC - Website Traffic,Payperclick,Bing Ads,2025-06-11,2026-06-22,33382.0,Website Traffic
CMP01010,CL0247,Social Media Marketing - Brand Awareness,Socialmediamarketing,Instagram,2026-07-03,2026-09-06,74355.0,Brand Awareness
CMP01011,CL0201,PPC - Brand Awareness,Payperclick,Google Ads,2025-05-11,2026-09-06,126843.0,Brand Awareness
CMP01012,CL0094,Content Marketing - Sales / Conversions,Contentmarketing,LinkedIn,2025-02-06,2026-05-13,13701.0,Sales / Conversions
CMP01013,CL0292,Social Media Marketing - Lead Generation,Socialmediamarketing,Meta Ads,2024-12-02,2025-09-08,55740.0,Lead Generation
CMP01014,CL0139,Local SEO / GMB - App Installs,Localseo/Gmb,Organic Search (Google),2025-06-25,2026-09-06,22412.0,App Installs
CMP01015,CL0049,Social Media Marketing - App Installs,Socialmediamarketing,YouTube Ads,2026-07-08,2026-09-06,20281.0,App Installs
CMP01016,CL0309,Social Media Marketing - App Installs,Socialmediamarketing,YouTube Ads,2025-07-07,2026-09-06,48092.0,App Installs
CMP01017,CL0293,Social Media Marketing - Website Traffic,Socialmediamarketing,Instagram,2025-11-23,2026-09-06,36940.0,Website Traffic
CMP01018,CL0016,Social Media Marketing - Sales / Conversions,Socialmediamarketing,Meta Ads,2025-04-24,2026-01-26,18336.0,Sales / Conversions
CMP01019,CL0289,Email Marketing - App Installs,Emailmarketing,Email,2026-04-25,2026-09-06,21080.0,App Installs
CMP01020,CL0304,SEO - Local Footfall,Seo,Organic Search (Google),2025-03-18,2026-02-02,35010.0,Local Footfall
CMP01021,CL0266,Local SEO / GMB - Lead Generation,Localseo/Gmb,Google My Business,2025-03-04,2026-06-11,24537.0,Lead Generation
CMP01022,CL0082,Content Marketing - Sales / Conversions,Contentmarketing,YouTube,2025-02-19,2026-07-15,33483.0,Sales / Conversions
CMP01023,CL0203,Email Marketing - Local Footfall,Emailmarketing,Email,2025-08-21,2026-09-03,22516.0,Local Footfall
CMP01024,CL0173,Social Media Marketing - Local Footfall,Socialmediamarketing,YouTube Ads,2025-10-05,2026-09-06,99745.0,Local Footfall
CMP01025,CL0199,Content Marketing - Local Footfall,Contentmarketing,YouTube,2026-07-08,2026-09-06,34083.0,Local Footfall
CMP01026,CL0198,PPC - Brand Awareness,Payperclick,Bing Ads,2025-08-30,2026-06-09,65781.0,Brand Awareness
CMP01027,CL0205,Content Marketing - Sales / Conversions,Contentmarketing,LinkedIn,2025-06-15,2026-07-31,26916.0,Sales / Conversions
CMP01028,CL0165,SEO - Lead Generation,Seo,Organic Search (Google),2026-01-17,2026-09-06,52143.0,Lead Generation
CMP01029,CL0221,PPC - Local Footfall,Payperclick,Unknown,2026-05-08,2026-09-06,75462.0,Local Footfall
CMP01030,CL0169,PPC - Website Traffic,Payperclick,Google Ads,2024-09-27,2025-10-06,87566.0,Website Traffic
CMP01031,CL0006,PPC - Brand Awareness,Payperclick,Google Ads,2025-03-03,2026-08-26,45220.0,Brand Awareness
CMP01032,CL0012,PPC - Lead Generation,Payperclick,Google Ads,2025-05-11,2026-08-01,148708.0,Lead Generation
CMP01033,CL0307,Content Marketing - App Installs,Contentmarketing,YouTube,2025-01-16,2026-02-22,36031.0,App Installs
CMP01034,CL0291,PPC - App Installs,Payperclick,Google Ads,2026-01-08,2026-09-06,62927.0,App Installs
CMP01035,CL0188,Content Marketing - Local Footfall,Contentmarketing,LinkedIn,2026-03-03,2026-09-06,33402.0,Local Footfall
CMP01036,CL0056,SEO - Local Footfall,Seo,Organic Search (Google),2025-03-26,2026-05-15,33051.0,Local Footfall
CMP01037,CL0251,Content Marketing - App Installs,Contentmarketing,Organic Search (Google),2025-08-19,2026-08-17,16194.0,App Installs
CMP01038,CL0046,Content Marketing - App Installs,Contentmarketing,LinkedIn,2026-07-08,2026-09-06,44989.0,App Installs
CMP01039,CL0121,PPC - App Installs,Payperclick,Bing Ads,2026-06-11,2026-09-06,135136.0,App Installs
CMP01040,CL0106,Content Marketing - Local Footfall,Contentmarketing,Organic Search (Google),2026-03-14,2026-06-09,43395.0,Local Footfall
CMP01041,CL0004,Email Marketing - Sales / Conversions,Emailmarketing,Email,2024-11-25,2026-07-31,14341.0,Sales / Conversions
CMP01042,CL0259,Content Marketing - App Installs,Contentmarketing,Organic Search (Google),2025-04-26,2026-03-31,20256.0,App Installs
CMP01043,CL0164,PPC - App Installs,Payperclick,Google Ads,2025-01-17,2026-03-10,26466.0,App Installs
CMP01044,CL0102,Social Media Marketing - Lead Generation,Socialmediamarketing,Instagram,2025-12-07,2026-09-06,77180.0,Lead Generation
CMP01045,CL0163,Content Marketing - App Installs,Contentmarketing,Organic Search (Google),2025-02-17,2026-08-28,23115.0,App Installs
CMP01046,CL0001,PPC - Sales / Conversions,Payperclick,Bing Ads,2025-09-19,2026-09-04,135988.0,Sales / Conversions
CMP01047,CL0140,Content Marketing - Lead Generation,Contentmarketing,Organic Search (Google),2025-10-11,2026-09-06,44794.0,Lead Generation
CMP01048,CL0167,PPC - Brand Awareness,Payperclick,Google Ads,2025-06-28,2026-09-06,36663.0,Brand Awareness
CMP01049,CL0109,Content Marketing - Lead Generation,Contentmarketing,LinkedIn,2024-10-15,2026-07-01,46678.0,Lead Generation
CMP01050,CL0266,SEO - Local Footfall,Seo,Organic Search (Google),2025-05-25,2026-06-16,21312.0,Local Footfall
